base,case_id,cf,cf_minus_diff,diff_minus_n3,diff_only,n3
12.50463354587555,valid100_001,14.240507364273071,0.3160935640335083,-0.5877043008804321,13.924413800239563,14.512118101119995
6.6937366127967834,valid100_002,9.869091033935547,0.6725545525550842,0.5265827178955078,9.196536481380463,8.669953763484955
11.367884576320648,valid100_003,11.292841613292694,0.7285990417003632,0.015366882085800171,10.564242571592331,10.54887568950653
-3.243899926543236,valid100_004,7.4257999658584595,1.0562189221382141,-1.2708927392959595,6.369581043720245,7.640473783016205
12.449485898017883,valid100_005,14.646821975708008,0.23133790493011475,-0.26179540157318115,14.415484070777893,14.677279472351074
9.805517792701721,valid100_006,11.922634959220886,0.8219821751117706,-0.25662399615560183,11.100652784109116,11.357276780264717
9.089552745223045,valid100_007,12.820282340049744,1.9806972742080688,-0.35425424575805664,10.839585065841675,11.193839311599731
7.258361458778381,valid100_008,7.026985824108124,-0.9927535057067871,0.26238879561424255,8.019739329814911,7.757350534200668
4.759582035243511,valid100_009,3.041040450334549,-3.1719363629817963,0.22570856660604477,6.212976813316345,5.9872682467103004
9.852234959602356,valid100_010,13.446730852127075,-0.015117406845092773,0.585929274559021,13.461848258972168,12.875918984413147
7.864870071411133,valid100_011,14.549420356750488,0.6635134220123291,-0.33384454250335693,13.88590693473816,14.219751477241516
-0.11093053221702576,valid100_012,9.76670902967453,1.3975066542625427,-1.0001857578754425,8.369202375411987,9.36938813328743
9.105369508266449,valid100_013,11.169812321662903,-1.4708772897720337,0.8995947241783142,12.640689611434937,11.741094887256622
0.45589257031679153,valid100_014,11.216686367988586,-1.9076637029647827,0.23668622970581055,13.12435007095337,12.887663841247559
11.954490900039673,valid100_015,16.75092601776123,0.23707621438162718,0.06110722678048219,16.513849803379603,16.45274257659912
5.220073718577623,valid100_016,9.061529278755188,1.5358895361423492,-2.8585897386074066,7.525639742612839,10.384229481220245
10.068926930427551,valid100_017,14.173593521118164,1.0605947971343994,0.32514888048171997,13.112998723983765,12.787849843502045
6.423417150974274,valid100_018,12.12597131729126,0.846903920173645,-0.49060893058776855,11.279067397117615,11.769676327705383
-3.457158900797367,valid100_019,4.640601083636284,-0.3894118070602417,0.9920009970664978,5.030012890696526,4.038011893630028
3.2761970162391663,valid100_020,6.616266369819641,-1.3190940618515015,-0.23130330443382263,7.935360431671143,8.166663736104965
5.779438942670822,valid100_021,11.076359152793884,0.452067494392395,-0.3331313133239746,10.62429165840149,10.957422971725464
7.560061827301979,valid100_022,11.703208787100655,1.0241907664707721,-0.35050463676452637,10.679018020629883,11.02952265739441
0.7087577059864998,valid100_023,6.254126310348511,2.0688985685119405,1.8905698856106028,4.18522774183657,2.2946578562259674
2.88511723279953,valid100_024,5.274584263563156,-1.7411489635705948,0.5925523787736893,7.015733227133751,6.423180848360062
11.4498850107193,valid100_025,15.066662430763245,-0.5191506147384644,1.5595840215682983,15.585813045501709,14.02622902393341
9.109377264976501,valid100_026,10.102586209774017,-0.21671098470687866,-1.5857138633728027,10.319297194480896,11.905011057853699
11.257784724235535,valid100_027,13.246869206428528,-1.015369176864624,0.9106647968292236,14.262238383293152,13.351573586463928
0.3899073600769043,valid100_028,6.753033593297005,-0.18316538631916046,0.09890751540660858,6.936198979616165,6.837291464209557
-2.4479072466492653,valid100_029,4.657448798418045,1.5542002394795418,-1.300404168665409,3.1032485589385033,4.403652727603912
-0.7371679171919823,valid100_030,10.756324112415314,-0.1296345591545105,-0.23229151964187622,10.885958671569824,11.1182501912117
9.732614204287529,valid100_031,14.267489552497864,0.0919426679611206,0.28077077865600586,14.175546884536743,13.894776105880737
7.62961944937706,valid100_032,12.94491845369339,0.03297215700149536,-0.9016269445419312,12.911946296691895,13.813573241233826
3.667525388300419,valid100_033,11.146934151649475,2.335584908723831,-1.2325446903705597,8.811349242925644,10.043893933296204
12.414484858512878,valid100_034,14.454379916191101,0.05257749557495117,0.40789270401000977,14.40180242061615,13.99390971660614
8.073001861572266,valid100_035,12.84167742729187,1.7086338996887207,0.30383598804473877,11.13304352760315,10.82920753955841
8.154509544372559,valid100_036,13.744296193122864,1.279016137123108,-0.3622269630432129,12.465280055999756,12.827507019042969
12.689331293106079,valid100_037,13.607282996177673,-0.4401826858520508,1.1376980543136597,14.047465682029724,12.909767627716064
4.086340546607971,valid100_038,11.636480212211609,-0.31873464584350586,1.0768682956695557,11.955214858055115,10.878346562385559
10.260170102119446,valid100_039,12.835292100906372,4.25261127948761,-2.2533554434776306,8.582680821418762,10.836036264896393
2.4339993000030518,valid100_040,4.455582231283188,-0.514580824545452,-1.8097942386354715,4.97016305582864,6.779957294464111
10.779028952121735,valid100_041,13.714355707168579,-0.0004315376281738281,-0.00884389877319336,13.714787244796753,13.723631143569946
5.999338999390602,valid100_042,10.054056406021118,0.30196309089660645,-0.02400076389312744,9.752093315124512,9.77609407901764
0.6669582836329937,valid100_043,10.051708281040192,0.9295759797096252,-0.8860056400299072,9.122132301330566,10.008137941360474
5.297411888837814,valid100_044,10.135181307792664,-1.2061806321144104,-0.5606445670127869,11.341361939907074,11.90200650691986
12.242646217346191,valid100_045,13.641182959079742,-0.7990812659263611,0.21354341506958008,14.440264225006104,14.226720809936523
-3.084982469677925,valid100_046,6.4564336044713855,-3.9238616125658154,1.0824509160593152,10.380295217037201,9.297844300977886
11.175883650779724,valid100_047,14.079889059066772,0.060651302337646484,0.8041856288909912,14.019237756729126,13.215052127838135
5.829572826623917,valid100_048,11.508419036865234,-1.0036033391952515,0.9289711713790894,12.512022376060486,11.583051204681396
10.099331468343735,valid100_049,12.329609870910645,-0.6317580938339233,-0.2411733865737915,12.961367964744568,13.20254135131836
5.4821620881557465,valid100_050,8.733531326055527,-0.125066339969635,-2.1804236471652985,8.858597666025162,11.03902131319046
10.572888225317001,valid100_051,13.566781997680664,-0.02619457244873047,0.2729969024658203,13.592976570129395,13.319979667663574
11.078223586082458,valid100_052,14.77652883529663,0.4515514373779297,0.08657622337341309,14.324977397918701,14.238401174545288
9.718383520841599,valid100_053,14.327289581298828,0.9794378280639648,0.7025449275970459,13.347851753234863,12.645306825637817
4.987920522689819,valid100_054,12.418702602386475,0.02820831537246704,1.7062894403934479,12.390494287014008,10.68420484662056
10.319880545139313,valid100_055,13.39451014995575,1.403380274772644,-0.5254966020584106,11.991129875183105,12.516626477241516
6.964245706796646,valid100_056,13.714132308959961,1.3775954246520996,-0.8287513256072998,12.336536884307861,13.165288209915161
-0.4379531219601631,valid100_057,12.262481808662415,-0.3391185998916626,-0.575035572052002,12.601600408554077,13.176635980606079
0.10100963711738586,valid100_058,7.7483454048633575,-0.34706686437129974,0.8525520265102386,8.095412269234657,7.242860242724419
9.124850988388062,valid100_059,11.198676705360413,-0.41841912269592285,-0.15115606784820557,11.617095828056335,11.768251895904541
13.25217616558075,valid100_060,13.871462941169739,-0.2879401445388794,0.9507678747177124,14.159403085708618,13.208635210990906
0.28227054700255394,valid100_061,11.136632442474365,1.2695586681365967,0.8089879751205444,9.867073774337769,9.058085799217224
13.023611187934875,valid100_062,14.20861804485321,-0.8366377353668213,0.029485225677490234,15.045255780220032,15.015770554542542
7.529557883739471,valid100_063,11.108286380767822,-0.8191771507263184,0.0988890528678894,11.92746353149414,11.828574478626251
9.088737070560455,valid100_064,13.591785907745361,2.5084846019744873,0.2332061529159546,11.083301305770874,10.85009515285492
8.736019253730774,valid100_065,10.436323881149292,-1.287254512310028,3.406276196241379,11.72357839345932,8.317302197217941
6.0451288521289825,valid100_066,12.091724395751953,-0.21329331398010254,0.614384651184082,12.305017709732056,11.690633058547974
7.333317816257477,valid100_067,9.422448456287384,-1.8427862524986267,0.7360271513462067,11.26523470878601,10.529207557439804
4.58645398914814,valid100_068,11.585817098617554,0.8068332672119141,-1.692142367362976,10.77898383140564,12.471126198768616
-0.7946359440684319,valid100_069,10.614236533641815,-1.1780468821525574,2.627817153930664,11.792283415794373,9.164466261863708
3.9691985696554184,valid100_070,6.542508572340012,-3.3634652197360992,1.6345708072185516,9.90597379207611,8.27140298485756
10.70768129825592,valid100_071,11.965435981750488,-0.20303523540496826,1.2501285076141357,12.168471217155457,10.91834270954132
9.284887254238129,valid100_072,12.600335657596588,0.6488058567047119,-0.7752532362937927,11.951529800891876,12.726783037185669
5.952176754362881,valid100_073,10.897852838039398,0.625574141740799,-1.4349691569805145,10.2722786962986,11.707247853279114
10.907785147428513,valid100_074,15.788232207298279,0.6787796020507812,0.6931496858596802,15.109452605247498,14.416302919387817
5.1456179320812225,valid100_075,10.329323828220367,-0.3185240626335144,-0.6833415031433105,10.647847890853882,11.331189393997192
13.021687746047974,valid100_076,13.316472053527832,0.022658109664916992,1.372473418712616,13.293813943862915,11.921340525150299
2.3736684322357178,valid100_077,6.426510035991669,-3.421889901161194,3.0719059705734253,9.848399937152863,6.776493966579437
6.809431031346321,valid100_078,12.870521426200867,-0.5209331512451172,-0.12044477462768555,13.391454577445984,13.51189935207367
13.34223210811615,valid100_079,14.3662189245224,-0.05113089084625244,0.4476877450942993,14.417349815368652,13.969662070274353
8.298260748386383,valid100_080,11.497884511947632,1.4456560611724854,-0.3888148069381714,10.052228450775146,10.441043257713318
6.788613319396973,valid100_081,13.328585386276245,0.04386770725250244,0.3960722088813782,13.284717679023743,12.888645470142365
1.940002927556634,valid100_082,8.937268704175949,-1.6463219225406647,0.7687923908233643,10.583590626716614,9.81479823589325
4.645783476531506,valid100_083,13.258824706077576,-0.5461200475692749,1.3455334901809692,13.80494475364685,12.459411263465881
0.8334391489624977,valid100_084,8.503953132778406,-1.1897601149976254,-0.3323128819465637,9.693713247776031,10.026026129722595
11.062585294246674,valid100_085,13.744346976280212,2.2662625312805176,-0.6847327351570129,11.478084444999695,12.162817180156708
1.8055882044136524,valid100_086,9.523667715489864,-1.0878681913018227,0.17609989643096924,10.611535906791687,10.435436010360718
8.794185936450958,valid100_087,12.041502714157104,-0.2028522491455078,0.4590458869934082,12.244354963302612,11.785309076309204
11.996660709381104,valid100_088,14.649793982505798,0.5857630968093872,-0.5031619071960449,14.064030885696411,14.567192792892456
10.233942031860352,valid100_089,15.248397946357727,-0.45566999912261963,0.3540818691253662,15.704067945480347,15.34998607635498
8.121882021427155,valid100_090,8.658739760518074,0.016881898045539856,-1.1391628980636597,8.641857862472534,9.781020760536194
-6.348580777645111,valid100_091,-2.5983779206871986,-0.875323586165905,0.714946910738945,-1.7230543345212936,-2.4380012452602386
4.94847659766674,valid100_092,6.016808487474918,-0.1782487854361534,-0.1435481309890747,6.195057272911072,6.3386054039001465
13.412606120109558,valid100_093,15.444876670837402,0.42899537086486816,-0.19309234619140625,15.015881299972534,15.20897364616394
2.31130188703537,valid100_094,12.224910736083984,1.2116959691047668,-0.8465526700019836,11.013214766979218,11.859767436981201
6.403323590755463,valid100_095,10.567335605621338,-0.09237456321716309,2.169448435306549,10.659710168838501,8.490261733531952
5.409437641501427,valid100_096,11.650271654129028,0.5492966771125793,-0.8912566304206848,11.100974977016449,11.992231607437134
9.177972078323364,valid100_097,12.634815454483032,2.0242907404899597,0.13161975145339966,10.610524713993073,10.478904962539673
2.483303189277649,valid100_098,4.356867065653205,-1.0252091828733683,1.8577868938446045,5.382076248526573,3.5242893546819687
6.545912891626358,valid100_099,7.650897443294525,-1.434472605586052,-0.9100303202867508,9.085370048880577,9.995400369167328
4.946744918823242,valid100_100,11.423260033130646,-1.9877422451972961,0.5724153518676758,13.411002278327942,12.838586926460266
