case_id,cdr_rmsd_base,cdr1_rmsd_base,cdr2_rmsd_base,cdr3_rmsd_base,fr_rmsd_base,plddt_cdr_base,cdr_recovery_base,cdr_rmsd_n3,cdr1_rmsd_n3,cdr2_rmsd_n3,cdr3_rmsd_n3,fr_rmsd_n3,plddt_cdr_n3,cdr_recovery_n3,cdr_rmsd_shuffle,cdr1_rmsd_shuffle,cdr2_rmsd_shuffle,cdr3_rmsd_shuffle,fr_rmsd_shuffle,plddt_cdr_shuffle,cdr_recovery_shuffle,cdr_rmsd_cf,cdr1_rmsd_cf,cdr2_rmsd_cf,cdr3_rmsd_cf,fr_rmsd_cf,plddt_cdr_cf,cdr_recovery_cf
valid100_001,3.375715990094318,1.139523924881631,0.8549751608202047,4.418747722063372,0.7414601900293762,0.6214043230694883,0.279412,2.6056732714203563,1.4133286823905113,0.9786379484735339,3.224385456139827,0.7948010134473859,0.598596351549906,0.205882,2.128173193217071,1.4449142367437258,1.2580659441870874,2.5678429123860393,0.7315209509544583,0.5731979722485823,0.2058825,2.979009122766244,1.6377816281945001,0.6091155940982674,3.8196470937865086,0.6587517270499526,0.6048138115335913,0.235294
valid100_002,1.2162803311416224,0.6238976511429354,0.5090004195115136,1.557857734041629,0.4705271087223185,0.6494462616515881,0.272727,0.811594066234903,0.3264318226921593,0.6188715510260696,1.007367390289593,0.3974934219110096,0.6490805325183002,0.242424,1.6298122393795378,0.46697130663774594,0.5690902509560007,2.208444027557822,0.47173235559832427,0.6046832551558813,0.212121,2.3435179833519175,0.9332361761234963,0.5937561890744121,3.112625514683736,0.4595705610570895,0.6346976499665866,0.2272725
valid100_003,0.9033499710529926,0.6709263223805174,0.7091892447533023,1.1880201515069206,0.632893769980089,0.6831577718257904,0.38636349999999997,1.0864823685924063,0.7085008310468501,0.46731466708334995,1.5808524602860614,0.6835297886661216,0.6925519542260603,0.38636349999999997,0.7215557751995045,0.6312645896902134,0.6226935575618289,0.8524772322763731,0.623049245951516,0.6758410944180056,0.431818,0.8122701617399688,0.7283012220621917,0.47108826889261396,1.0562682089601307,0.5369713923448501,0.6716905683279037,0.431818
valid100_004,0.7820306317552905,0.5317951057112927,0.5982461315787682,0.9685189846422306,0.4210455134142589,0.6717719648565565,0.339286,4.119643733201308,0.7169577424845943,0.7840679880921788,5.87974729174827,0.5204624821417565,0.6388619100408894,0.3035715,4.477123817536905,0.8255425683154299,0.354885880962311,6.436946912347397,0.49882940900564005,0.7027028586183275,0.3035715,2.424030657191039,0.574721174518201,0.28509674046919964,3.520032338049657,0.4920449115647033,0.6811033391526767,0.339286
valid100_005,1.273078659126125,1.3111969498392924,1.0081306982621114,1.2822723732143424,0.4940974072517995,0.6323720576862495,0.2916665,1.4979353742530561,1.6624547367344658,0.6291266428241233,1.384661887653841,0.5859255536841496,0.5781203893323739,0.291667,1.0156950595566263,0.8762353635908988,0.8041773464603339,1.1304235977188863,0.3701662773376464,0.602775290194485,0.291667,1.8216639240230044,2.702147476605381,0.9171882065202298,1.6322983745114628,0.5853125358059819,0.6035553883347247,0.277778
valid100_006,3.307674324255891,0.8906267090755374,0.8277398476654905,4.206624764148594,0.5941700586162459,0.5655928276479244,0.32499999999999996,2.8185993375069733,1.1606045822959996,1.1555617864195642,3.5101951570693988,0.49039340977599966,0.566770962998271,0.2875,4.684782957349752,0.760270646748924,0.6721294641663376,6.015850216640045,0.5525487307732087,0.56481823772192,0.32499999999999996,4.025721846771988,1.2816906626784403,0.7035508602203319,5.1252723546662065,0.5294652483263823,0.591558962315321,0.35
valid100_007,1.2390098744082645,0.6725721979012993,0.5656379638831293,1.5802270809367247,0.4419139486479243,0.6371824835027968,0.35714250000000003,1.363847756568483,0.8142482192121596,0.5940823353640599,1.7213097577171421,0.5553802011360953,0.6400510583605086,0.37142850000000005,1.3500909414513316,0.7961067052916224,0.5197898341698597,1.7244852048416153,0.4820645385586419,0.642941043632371,0.37142850000000005,1.6963965004892545,0.5905144140391578,1.232992258977608,2.120791125649915,0.386793506817418,0.6421707166092736,0.371429
valid100_008,0.6996921679586392,0.9557859001634053,0.5043614387215443,0.46863474459787485,0.6325552386310462,0.6472311726082927,0.326087,1.1325904260272304,1.7146556615645687,0.5064135062987207,0.6627294141929414,0.5479557112047302,0.681966197879418,0.26087,1.1612692456026052,1.7344513529944883,0.6488990412451592,0.6588804535144153,0.562617978201995,0.6601375192403793,0.2608695,1.0090940943356688,1.520274355779995,0.5541513740765798,0.5717281999332083,0.5948940160049186,0.6030009097379188,0.326087
valid100_009,0.7247712240942819,0.6149309848273377,0.483221741867349,0.9920220603711818,0.4556049625159026,0.6811439407908398,0.2391305,0.9175977162505369,1.1640694126204287,0.6103941217673661,0.8509443281745153,0.5713846806224456,0.6902541945809904,0.282609,0.7136467727247868,0.6341913351614323,0.3593531386543102,1.0303074603805775,0.6898574716010022,0.6618461984655131,0.304348,1.040703354924625,1.1113372368432168,0.6315964789752819,1.2657719789208874,0.5175046753460746,0.6418732203867125,0.326087
valid100_010,2.5253717342763857,2.060826093167182,0.5843002802131687,2.9639437650866753,1.3769000269025713,0.5696160821687608,0.1904765,2.6842740220162993,2.9223858127642908,0.6880011906002395,2.9281380595462156,1.9095780055653913,0.5575762735236258,0.214286,2.6853113614597532,2.197757059723408,0.675658684813322,3.1554482709422516,1.3685982449604033,0.5487009148512567,0.202381,2.0946916043743062,2.5084225441929773,0.48896106481243407,2.237292377593171,1.4996670148641207,0.5188923691000258,0.1666665
valid100_011,0.7504260175029664,0.7314311895703406,0.7556423722134724,0.7316993281809144,0.3686095675533765,0.6576252099006408,0.306452,0.8861766275897192,0.5296977505400308,0.37768901155611273,1.1339835988373057,0.36553732978622716,0.6262163380461354,0.33871,1.2042957353496169,0.7897101818772094,0.6946795239111874,1.491232790351408,0.4696432652951976,0.596233916859473,0.274194,1.08206221872446,0.9531518531509049,0.7127276047573123,1.2556710382030127,0.3612375374586671,0.5897294677072955,0.2741935
valid100_012,0.7609343858300394,0.5414861297755865,0.48766074031018636,0.9465622692375494,0.5798348481763211,0.6891246303435294,0.322581,0.5450464342928101,0.5670855265410941,0.47303270852312085,0.5664168034398426,0.6190591711619128,0.6835512124723004,0.306452,0.6611815795923386,0.5871011593435805,0.32383396493079974,0.8131299465041453,0.7254309749333876,0.6420611633408455,0.290323,1.6631440683964231,1.0052643207697916,0.9781495516001018,2.0904199662844434,0.6572326743046,0.6440439233856816,0.290323
valid100_013,4.315019715738526,0.6119136694627316,0.9524934489654127,6.05014778185194,0.6501274293409214,0.6474401846528053,0.133333,4.447917700097751,0.8326920094132827,0.5467908059297268,6.238029538263216,0.5096086367493898,0.5814314976334571,0.1833335,3.2802939071579846,0.68843804676601,0.6666460987117062,4.586526929663357,0.6255174314853027,0.6094994813203811,0.15000000000000002,4.278889695565898,0.8622105679705907,0.39209603736491555,6.002638309808984,0.505084735203893,0.6625849495331446,0.2166665
valid100_014,1.7943668292059884,0.5901472112423887,0.5588798980957747,2.5551231851595246,0.5623269557571029,0.6236251081739153,0.375,2.07597537741292,1.0536611827618079,0.6788029216605519,2.8014740385075987,0.44241845596848306,0.6060336977243423,0.375,0.9889420381292447,0.9261202045796372,0.7231280376540233,1.1361785973509333,0.5203980620358923,0.6001915521919727,0.35714250000000003,1.6963356650481172,0.4453695751474428,0.6472682081719044,2.414585060846105,0.4975685632254071,0.6013343770589148,0.3214285
valid100_015,1.9818672054143764,3.3143949735603284,0.6716726480560973,0.6924658535176145,0.5393134595168738,0.6765107555048806,0.2571425,2.0054350471586804,3.3506985195113073,0.41303775936934845,0.9677152772677582,0.5528238716968967,0.640314569217818,0.2571425,1.7374938781921396,2.8664374422648047,0.7849953085210313,0.7729282567015691,0.47446985770467065,0.6272941717079707,0.2571425,1.36438673019852,1.9876475056186373,0.8514989880765824,0.9440789371109201,0.39088801835513715,0.6112688285963876,0.2571425
valid100_016,1.3581831941470406,0.564694366112924,1.3289205025742206,1.3927832419727872,0.38631412599852843,0.6456310920643085,0.28787850000000004,1.3266344477825505,0.8382698285241126,1.4367705231788173,1.2921139692362793,0.4644681932005676,0.6626669091708732,0.2878785,1.167804020499592,1.0349963888259712,1.4952906311117171,0.9651687742692334,0.4678555584388814,0.6401306824250654,0.3181815,1.2411116575967258,0.7613366800530446,1.159185463681045,1.337950731599879,0.5683291934731218,0.6143205283266125,0.3181815
valid100_017,1.945394316297341,0.9457138217862334,0.9646166889709515,2.3433165443268624,0.6138591421245512,0.5574460923671722,0.135135,2.1004300395353233,0.9747800788957612,1.2190301489803754,2.495459330079191,0.7233273615897442,0.5820114205817919,0.1216215,2.576090978376623,0.7842003239752511,0.6880035921828132,3.212293838551454,0.6099784986222834,0.6133197835973792,0.135135,2.263807721963201,1.3358304158689385,1.7261031989195885,2.554491539637723,0.6648184088283168,0.5472650032591175,0.162162
valid100_018,3.246137127044802,0.7247774914077039,0.5918553978058008,4.587940124171382,0.44206854068782,0.6650555916130543,0.267857,1.1128390110580941,0.8507970975375279,0.33390407408574907,1.3638211599197412,0.3828435447039966,0.6680356610034193,0.267857,0.809115204730115,0.7967277212944366,0.1972211787504795,0.9987831183711726,0.35336084005927976,0.7029335147568158,0.285714,0.9411926585621835,0.6235128645564874,0.6425214819384787,1.1737529183414748,0.4838934176863398,0.6793170901281493,0.339286
valid100_019,1.2971101780695844,0.5151592283294477,0.5970455999191379,1.8109552661068915,0.3288003936270255,0.6492226858591211,0.172414,1.7857606250372988,0.5480826984805712,1.0491808526638744,2.458055928244365,0.4772325068618086,0.6038737913657879,0.172414,2.388662086807134,0.7061437771680708,0.5871495130559949,3.4711480927982237,0.4584345124989473,0.6354678432489264,0.172414,2.4606949214633227,0.9345498507129496,0.5392688341058772,3.5745240083395764,0.4646878500707074,0.6054361406071432,0.172414
valid100_020,2.5384813229401884,0.805876571451968,0.38066473404019285,3.3580837857861074,0.3508547309300225,0.6306455557545025,0.375,2.90704288447755,0.7559343973972146,0.22810500686500323,3.863238651353663,0.38190650262343384,0.603688723097245,0.3194445,3.2137444001158553,0.8727705538401642,0.39543956395513413,4.267607730398192,0.38956907126369916,0.6317024019857247,0.291667,3.0909688126634087,0.6860141722509066,0.4239270557348685,4.115241958032498,0.30751739453624044,0.6025301242868105,0.3194445
valid100_021,1.655095293166032,0.5211783998904057,0.5710783621752235,2.185356862079943,0.4361736733068391,0.6187975542885917,0.2714285,2.4111216974046386,0.4199511290304983,0.696675473574677,3.2278898801433993,0.503091022513992,0.6079502599579947,0.257143,1.9249188965605928,0.49684839711207,0.5719585836447881,2.563686100881625,0.521368189081336,0.6197976269892284,0.2571425,1.9226313579662695,0.4723965043436431,0.27803301483225706,2.5848929281400963,0.43827928675764205,0.6207310157162802,0.242857
valid100_022,0.6693902765500663,0.5989722698887883,0.49745383176559027,0.7461655780233547,0.38829881025853796,0.6376999753552515,0.243243,1.15727980870627,0.7294875421367988,0.666645362171858,1.3973440385523097,0.4145631635371198,0.6382028243026218,0.28378349999999997,1.9959017331270754,1.2543816804122727,0.5174019576009297,2.5079731209960365,0.4490573474620626,0.5660924178522986,0.27027,1.498635119190089,0.9059480078665293,0.9483178601008297,1.8157287021875057,0.47110881419449285,0.6197347435596827,0.28378349999999997
valid100_023,2.1712002809287103,0.7180697217361157,0.5120394635659469,3.15493033709941,0.4292451683320223,0.6639460325241089,0.275862,1.5165717077525467,1.134320215992902,0.5384628048505025,2.028337846513693,0.40264791175706566,0.6675806374385439,0.29310349999999996,1.8657762786685033,1.380243241942726,0.5039487321995677,2.5168555935829797,0.4258979115104561,0.6349710179813977,0.310345,1.8368224924515695,0.9772897293487655,0.601008600115036,2.5674071666558613,0.37139998245510364,0.6176456737107244,0.310345
valid100_024,1.1883270144851539,0.7347863361857966,0.4957490482486827,1.787075255125664,0.45135854559795685,0.6934085404872894,0.32,0.8633666795954926,0.7131708128476676,0.6294500979892061,1.0520907386474516,0.47994852579891256,0.6792598211765289,0.34,1.2744812496572049,1.0034989079501193,0.8156332500228278,1.7097650887658276,0.49767768272044133,0.6587239408493042,0.30000000000000004,1.4479084094893013,1.0518728052743194,0.6520121608424106,1.9791130247612514,0.5435727387403423,0.6445511215925217,0.36
valid100_025,2.00095449206699,0.4539950457914821,0.40563650278227004,2.6673528068911145,0.494516668291759,0.6011361655863849,0.28787850000000004,2.5944884855510457,0.5728522416337776,0.42547675588219247,3.4806671411593024,0.402010051169433,0.6184394382166141,0.2575755,2.446996446008307,0.5326249974153332,0.6240850187065002,3.2704283436707455,0.3762186090421705,0.6244188660021984,0.3181815,3.658060063785019,0.6203559653257613,0.325822040804215,4.9299107330494705,0.5611054924071857,0.6031216676488067,0.2575755
valid100_026,1.899691803526431,1.1689131382775284,0.4800992560164288,2.601311417188893,0.814332260632699,0.6406845306356748,0.41666650000000005,0.7759160810035293,0.7616569488423193,0.6577620802140561,0.7928344622246433,0.9297191423097348,0.65213243663311,0.38333300000000003,1.4742155593949504,0.9608097898423454,0.6799957011439641,1.9615744234565242,0.5424616298090483,0.6361239324013392,0.4,2.555778147780903,1.086445910166992,0.844810160063387,3.5640733561587377,0.5326452630682512,0.6416117658217748,0.3666665
valid100_027,0.8520154864210099,0.8063774355871779,0.6990544290573215,0.9334684915581086,0.494093437718396,0.7179801680824973,0.3787875,1.2273676100938082,1.1322866010372095,0.6934596021911678,1.4304443720055635,0.5539550389000174,0.682592407320485,0.4090905,0.9866687599965906,0.7147274891956177,0.6036313597499369,1.1844052206838835,0.48488746514680736,0.6971431943503292,0.3787875,1.0183772467316807,0.8489292185712407,0.6341709383136565,1.207601583599735,0.5441936384918414,0.65417710759423,0.3181815
valid100_028,0.5071534115620057,0.537878200266566,0.44572924298039995,0.4995651003031436,0.4318192966941867,0.70322102193649,0.3653845,0.7023677863208837,0.5460935300269166,0.5521433991608098,0.8203101598022601,0.35417603252494223,0.7257289829162451,0.346154,0.5891153706900181,0.6347806712804428,0.3569696750264968,0.6461875006336621,0.3037815057441985,0.7056339394587736,0.3653845,0.5734582523549099,0.4015113836262824,0.5227341689549226,0.6539658375106244,0.30438159582199587,0.7100052329210135,0.307692
valid100_029,2.15677635597989,0.958751461783468,0.5891804283943807,3.0941841156682726,0.5241988658265224,0.6610342089472145,0.327586,1.834990809682139,0.879440898837544,0.6937022075684696,2.569940202866084,0.5134708880327236,0.6580907070431217,0.310345,3.5073839908193145,0.9039489929167379,0.6303185818841492,5.166566831965321,0.5596562530646393,0.6799592411723631,0.310345,2.1829326837738714,1.4634048099733734,2.1039193855329446,2.410323272645736,0.7580113008737799,0.6314866188271292,0.3965515
valid100_030,2.885998990345949,0.8153994027608953,0.49785987765163864,4.164582183541425,0.48502434008413436,0.6660868754344327,0.4285715,1.2057520510647954,0.8961602979672523,0.5712333214586635,1.5680884988945702,0.4165752999164517,0.6818603937114989,0.39285749999999997,2.9493085397737278,0.5724674657073168,0.4870940081699898,4.24298307374055,0.3788167777905304,0.6687878199986049,0.285714,1.510278644799809,0.6144577898117802,0.6102060764745103,2.0949302893991875,0.44306375790288044,0.6226834968796798,0.4107145
valid100_031,3.118911376947675,2.360885834259872,0.9330228694816094,3.634014092177501,1.0536194908986636,0.5155376927419142,0.113636,3.5753751270355725,3.61415577727959,1.1007914643301215,3.803273140801028,1.147540351637002,0.5581467483531345,0.1022725,3.591740657536647,2.1947327996430563,0.5970147346267064,4.2514496511089295,1.1664158231909256,0.516233238984238,0.1022725,3.435996578081479,1.2090809598909968,1.3520092274793707,4.192729183440109,0.5950674693542195,0.5735388188199564,0.1136365
valid100_032,1.4378214331713357,2.262317196699112,0.9396776003157842,1.0201825115192142,0.78361282033522,0.6689014388248324,0.34375,1.106148683676084,1.2223318448687264,0.8642439570806655,1.1361421873579225,0.7823602384094279,0.6212907931767404,0.359375,0.7898149192033317,0.8248577371761043,0.9152818807898289,0.6593134978499946,0.5516192282625051,0.6244144984520972,0.328125,1.101402108095431,1.531665624045008,0.8516397120028167,0.9391953322276583,0.6862215225213182,0.5968854385428131,0.359375
valid100_033,2.7782993883836515,0.8536854683491629,0.44235616765583496,3.604056239878461,0.3798445062591602,0.6192250918400914,0.2236845,2.5496585537279093,0.7244187981007263,0.3615372533928053,3.3145899903853326,0.38570010511474345,0.6339654597012621,0.2236845,3.8835383653092443,0.6085996188812274,0.6272115475123822,5.075418868048917,0.30526089446675253,0.6335751328029131,0.210526,2.724176220262679,0.8378652063157375,0.30835775367924123,3.5372706485766825,0.41092291896234534,0.6003266847447345,0.1973685
valid100_034,1.2277673931179827,0.6709430768716109,0.7477006246387286,1.5191931284245697,0.37217529528377225,0.5915569857590728,0.34722200000000003,1.3589618174823006,0.6008265468869393,0.542769558561276,1.744685105743535,0.404673034410428,0.5903582216964828,0.34722200000000003,1.413481490620042,0.7064077274374976,0.4883714966083903,1.8034907879783646,0.4464214259659618,0.5999971247381635,0.34722200000000003,1.5263127134331849,0.6599823679087979,0.5069583797837167,1.9770963781880957,0.4406039060490882,0.6039973890615834,0.333333
valid100_035,1.301790141994499,0.46605009449473356,0.41355355920967807,1.7179611356162245,0.4381889369935651,0.655384515438761,0.3857145,1.7321888718384406,0.732184267986973,0.7386542488440679,2.2435212880604,0.4391558239364589,0.6059588713305337,0.371429,1.9756359614383183,0.5552690088014972,0.5374914094777141,2.628059821516911,0.39365480320642265,0.6350664283548082,0.4285715,1.8121335602773998,0.574392801364324,1.0881334200457098,2.324751177003293,0.4040578931617028,0.602909744637353,0.4142855
valid100_036,5.494058586290727,0.4380470095925323,0.40062508206051417,7.627476302767436,0.40402452803289424,0.5849938402252812,0.322581,1.5367052165945347,0.5364457707247589,0.3819400459249228,2.0898485676382954,0.46211059252480485,0.5507389230112876,0.33871,2.284178703811425,0.7052202183440575,0.6314246876367553,3.1071935345344333,0.4160200520105578,0.5682540795495433,0.387097,2.4694416988994017,0.4319390351966591,0.9801128799219023,3.341162504505063,0.3076163964611567,0.5893966762288925,0.322581
valid100_037,0.9597770885969275,0.767302329313202,0.5210148335523264,1.1870654323582739,0.5385364360148174,0.5988892028108239,0.265625,1.8647669576061112,1.5455229563459323,0.6268277601848717,2.0851137876975487,0.4400303980039133,0.5983737511560321,0.265625,2.349714717212389,0.8964895283550721,0.6956621457207729,3.1681578450077943,0.5233208116963729,0.6138714849948883,0.25,1.6403240723594565,0.8310763728587971,0.7367272888089843,2.171057232503243,0.49084872190408835,0.5720522804185748,0.234375
valid100_038,1.0643324977066808,1.1414915266644652,0.929723462472759,1.0798121154619524,1.4144510344820118,0.6561649703618252,0.39393900000000004,1.592577296607874,1.6058220802930556,0.9373688968585917,1.7498420782854776,0.9560390004686954,0.619798742460482,0.333333,1.7615496309960479,0.863624626786563,0.645974707330382,2.4222993552433407,0.9805230250061767,0.6205475136186138,0.3484845,1.0633000587883479,0.9386195303423166,0.7656416244373679,1.2728583799688655,1.2218262689018977,0.61753234538165,0.3181815
valid100_039,3.3409428026160626,0.6868550852342041,0.5854678091297065,4.309149175929088,0.606597063603691,0.6207473690693195,0.14102550000000003,2.221426471601302,0.9025752669299372,1.8875293082698754,2.6018626773386617,0.9561701827980894,0.5893641267067347,0.1666665,2.1534948027682006,0.797973907038767,0.5240845000106639,2.74652746057176,0.4359116679880123,0.5555867827855624,0.153846,1.257979067903635,0.8372796030563872,0.6019623871298617,1.5122067395907486,0.6008191890639968,0.5679857440483875,0.179487
valid100_040,2.6219570872596245,0.5955382594838667,0.48203187309668444,3.808560747065532,0.3535003521911986,0.6869362879257936,0.19230750000000002,1.9730941862550333,0.4693632483649768,0.6251758818101403,2.7781876866686557,0.30710999696611674,0.6467133256105276,0.173077,1.8769443949668432,0.8892556610228043,0.6565839525150855,2.5676848217948276,0.3674785022795777,0.6824465015759835,0.192308,3.166115899179954,0.46227187301927436,0.6234528212309223,4.598486273414963,0.4738572651403261,0.6276350359504039,0.153846
valid100_041,1.0228916341452452,0.6024122454804154,0.36860457317976486,1.3364080537312728,0.458436814425344,0.6226520158590809,0.354839,0.891030123495941,0.6984741298567025,0.6013445354629,1.0154437939829841,0.3335438362255997,0.6419847549930695,0.354839,0.9987082077951439,0.803147230296198,0.5967915819178138,1.1872134797323288,0.4607116535259251,0.6089737415313721,0.322581,0.9991298876079138,0.5129470766187155,0.5725557227584999,1.269753986248754,0.5176621068141158,0.626534243264506,0.322581
valid100_042,2.208280368685677,1.713716519960188,0.6616484950186502,2.7639070556516456,0.48585252473601187,0.629525569991933,0.277778,1.3885693111146615,1.558396633484001,0.6368553065589524,1.5139247526277209,0.5306591932424977,0.6128163027266662,0.26388900000000004,2.176477086125238,2.272226635223783,0.6509192022143114,2.501323091609781,0.4611196604185135,0.5956370561487145,0.25,1.9048525924905908,2.20064413472108,0.6675613361279386,2.094355342575011,0.48643185046677007,0.5930608622729778,0.291667
valid100_043,0.8860508590045909,0.5158833754244603,0.5348822207172205,1.135497572941027,0.3518674637795954,0.6629078625701368,0.515625,0.9111282810059473,0.48821305984943253,0.3839815472908603,1.209341904884712,0.3081475982642665,0.6630786852911115,0.453125,0.7391953516950734,0.48233235493779486,0.4123491603611472,0.9433234843071736,0.5234960261086743,0.6732649062760174,0.421875,0.8887198761544286,0.7402294288355922,0.2799784582223835,1.1193072865479072,0.4288644243270351,0.6312652355991304,0.359375
valid100_044,1.6027426301743575,0.925916668026904,0.8469168358801453,2.0331583935953685,0.4209299950331966,0.6653693848673035,0.3823525,1.7600232804373228,0.8123780856737866,0.8361026502115187,2.2858544177893614,0.46800954307465714,0.6507245731704375,0.338235,1.9556433190695763,0.8615127306405026,0.8268004146644257,2.5528779313371768,0.43229964574182034,0.6623383383540546,0.279412,1.6906664944778678,0.9842330422059384,0.769802565517483,2.1528702419535826,0.4994655018220985,0.638906807583921,0.338235
valid100_045,2.425712526917634,1.7327259548660865,0.5307280119971923,3.063436730249962,0.43087751561818344,0.5943084394230562,0.205882,2.08578482088153,1.9045669639553582,0.6272537755951404,2.4324364474898896,0.5126293508756024,0.5877751751857645,0.176471,2.279925496447893,2.107726320471701,0.6785275219542874,2.7516742748650467,0.8026164545712668,0.5596901428173571,0.176471,2.7165652500648942,3.6548596928339014,0.7963601875792883,2.45817834482846,0.6726842314317536,0.5467517367180657,0.1911765
valid100_046,1.9627398214445917,0.6949552457086192,0.7408932464938215,2.8171023149834276,0.4641559005839082,0.6618913818022301,0.362069,0.8430314527960622,0.7569243195400316,0.37758858637417714,1.0590886500011374,0.5251837545712902,0.6513442258382666,0.4310345,2.087253932031735,1.16908012151408,0.893174120287382,2.8532144046907972,0.5785915283878312,0.6432170184521839,0.4310345,1.5087033995937718,0.7929670288660192,0.6858242925933287,2.027124992549331,0.5157988808091689,0.6295727239600544,0.413793
valid100_047,1.7390628368127918,0.6185954567252521,0.6884626304029049,2.2327479338979304,0.39805820010423876,0.6462048114957036,0.243243,2.0364420995832218,0.6346925641224722,1.4070530199747546,2.513739570052466,0.3846415442343747,0.6203400416148676,0.2027025,2.6688417014025827,0.7195152130121073,1.4809980156369276,3.344442822290073,0.49215504866284127,0.6320436190108996,0.216216,2.0900090482107476,1.0070929142518388,1.9247830382186777,2.3457754158076924,0.46713311467346186,0.6394399694494299,0.14864850000000002
valid100_048,1.602087768278831,0.5946043369867379,1.4012298781845605,1.8717861801466196,0.4599027698805166,0.6339621798080557,0.455882,1.3589232871828618,0.6286614353886825,0.42075237544422217,1.7963669565841045,0.3669555104992589,0.6303098802180851,0.441176,0.784983747391331,0.35220282979313694,0.3458240096651128,1.0240112663302863,0.3185846590217474,0.653218063799774,0.4264705,1.5630660513992245,0.5042244486153609,0.45729459159793506,2.0972658866263276,0.341551165461626,0.6182643508209902,0.44117649999999997
valid100_049,1.6605840188645162,0.6631212543503018,0.5861728393668699,2.1625556351740745,0.5318645299859535,0.6094927724563715,0.19696950000000002,1.162071395564404,1.1139732695287292,0.47227512820367723,1.3472829752868662,0.5142641310900186,0.615973487496376,0.19696950000000002,1.3033694233000641,0.6146366840789873,0.6993965371523168,1.6566143362884702,0.4601097646998724,0.5983833937030849,0.181818,1.7978218289263501,0.7889092403632809,0.845136256058437,2.2936768595986274,0.4894570728234268,0.5864880766832468,0.212121
valid100_050,1.0264113609192642,0.6412151851144379,0.5914374165498895,1.4241513079437054,0.46501238088924274,0.7120339597264926,0.3333335,0.878507442364419,0.5002809648358642,0.5315775943426865,1.245797938709035,0.5127643291117674,0.6973685820897421,0.3541665,0.991454617682255,0.7412969421291971,0.7756717095662533,1.255117344187887,0.5373889197863603,0.6779076444605987,0.375,0.6825635043234748,0.6399193323874839,0.4781742259353663,0.8286849037581456,0.4968985552546994,0.6840291817982992,0.4166665
valid100_051,2.995734209211999,3.274037760274524,1.2741782472675025,3.4224211178325326,0.47923100584347234,0.6627264325988704,0.224138,3.272537092065461,3.5666112800239844,0.9135819530269658,3.8241183210211913,0.5786134742098864,0.6427419499076645,0.224138,3.66997488771197,3.0045766781162344,1.2920509767255326,4.743165320565577,0.5557317634815515,0.6181698287355488,0.241379,3.9357262762434524,3.36546363613418,1.2149845726328234,5.030918212743363,0.40574033983300556,0.6605760830229725,0.224138
valid100_052,1.6255493599246367,0.823323853265293,0.7533601509499279,2.0772921806922806,0.44155922998122343,0.5924234101266572,0.2272725,1.6757688868638096,0.6419330420687768,0.5615420271299066,2.1958990881975935,0.5232595888281057,0.5966543162410909,0.19696950000000002,1.8013345085644152,0.9887879149746004,0.7138436810862611,2.286714540883601,0.585333661639434,0.5751473637241306,0.181818,1.7882883513703316,1.1380519493819081,0.6377644049076928,2.242198236972775,0.49662521984027586,0.6175231093710118,0.212121
valid100_053,2.740863032181787,2.8966103081818035,0.9766663558906427,3.1455777129896,0.5620901490285972,0.5628407207482001,0.25,2.52114277503137,2.357713903223712,1.1898518280884263,2.9838499061796258,0.45408536860721227,0.5351831330096021,0.235294,3.197174891024848,2.7026010649984116,1.0837673299950734,3.9234783500159525,0.44556326438974836,0.5398052063058405,0.205882,2.3635531356009123,2.514415063189284,0.9599156353725211,2.7052702052107445,0.4032129984067254,0.5370370890287792,0.235294
valid100_054,3.1938925286856508,0.7750365473901324,0.6416554256502687,4.609566231279399,0.44685264826481597,0.6919868407504899,0.10714300000000002,3.688334301641361,0.9109435400791455,0.42864946156129724,5.340096800024252,0.41849085602852965,0.6544899344444275,0.089286,5.32167566124336,0.9223991886347555,0.6944810495990659,7.757913552491742,0.4403388878105634,0.643336215189525,0.05357150000000001,2.106577895329205,1.0032134441494165,1.0846226982247638,2.8788474098825496,0.47719552301175183,0.6552498755710465,0.035714
valid100_055,3.503480066819334,1.6540008950729577,2.6151467474578265,4.156278719325226,0.45219061686948203,0.5378291933309465,0.22619050000000002,3.032661031314948,1.4914901956901496,3.3415221330593177,3.272014703501049,0.4750848533971057,0.5727571096448671,0.22619050000000002,2.672255560154908,1.123912770150132,2.442372543463153,3.0665964956715452,0.40270293038594596,0.5706193447113037,0.202381,3.0227771644482933,1.613529669369642,2.4822819769829527,3.4929931086899577,0.7993312391815787,0.5292767616254943,0.202381
valid100_056,1.034648814355981,0.8887191091033892,0.42313483824545817,1.187749395656881,0.329713649569759,0.6306358229729436,0.33871,0.9606892127408184,1.3485656628927591,0.34763221668779787,0.8693549521555066,0.39638049544803006,0.624946903797888,0.387097,1.4113435985495308,1.2299892470117324,0.5780110950291544,1.5812772342316124,0.5375460870161703,0.5969987569316741,0.290323,1.0291175812909317,1.2069916678801735,0.7012929135040706,1.0428191198650818,0.5029924148500233,0.5604066151765086,0.274194
valid100_057,2.0416404737610447,0.9357827577500726,0.5142766226029044,2.7414050065459534,0.43157638486156724,0.6186718685973076,0.306452,1.2005279936152353,0.8158501168411814,1.0039275821204094,1.4060316233234444,0.45094600781889177,0.5598230376358955,0.322581,1.8700760375974503,0.9387172513755173,1.0064308296223134,2.373231797038273,0.5429646963332446,0.5548759184537395,0.322581,0.9265606362597095,0.8156569574350303,0.8034610988087476,1.0074728391340098,0.41233149251724976,0.5481977578132383,0.306452
valid100_058,1.3154970811507107,0.5753291998267087,0.6703608634221889,1.7771188364898873,0.9547157669229704,0.6741764982541403,0.43333350000000004,1.3035097973792744,0.7645949973011934,0.6973232226467948,1.7001051340092672,0.9082107609285279,0.6832831154266993,0.43333350000000004,1.019741592500078,0.9498633934050055,0.9693375985384319,1.0534917766128136,0.9598117920032188,0.6563724016149839,0.4,1.1515925687377468,1.0120516736321896,1.4439066827044156,0.9524228633393781,0.9384801230963131,0.6180078660448391,0.35
valid100_059,2.2742204599427236,0.6952445446336792,1.3809719352262393,2.808326276262065,0.6528108857311319,0.6426121046145756,0.333333,2.1380597650198006,0.6506721566189976,1.4467256642825521,2.6180776027493913,0.4434097582213263,0.599121922483811,0.3461535,2.391174121145926,0.7737754593264545,0.8177281107625962,3.041664128868124,0.4792849171406535,0.5931012680133183,0.333333,2.0479163677132246,0.7638469490385515,1.0179534344522532,2.5516768585589604,0.3139637441957214,0.5855954618026049,0.333333
valid100_060,1.9073366064182222,0.8028648247725594,1.5172033744661328,2.3338617134757786,0.9061970960519707,0.5505728640339591,0.272727,1.7369160434072155,0.9073501303297484,1.3244389003070791,2.103265245395111,0.9933908900721453,0.5590560761365024,0.2272725,1.7933281077137557,0.8728381966404962,1.5774404246600855,2.142169740683146,1.1157587335444714,0.524796573953195,0.212121,2.0648390323248598,1.2177049830151372,1.9526848813635103,2.376174851571252,0.9419938441244802,0.5524102733893828,0.242424
valid100_061,1.0808991050397687,0.4828976409430911,0.6763895911751238,1.4121707750061356,0.37039159281054485,0.654708899814507,0.327586,1.4524455191715997,0.5552734337433819,0.5430462848737161,2.006423769666959,0.42896842735067975,0.6688754676744856,0.310345,1.6015330553934226,0.7883335438398091,0.6937923237011923,2.162389169051285,0.3868944187897504,0.6880850000628109,0.3275865,1.3938158733833572,0.6482467609309831,0.41604565785131353,1.9195118461126497,0.3401454571432275,0.6645862938001238,0.310345
valid100_062,0.8195080129660273,0.7571518277185619,0.800347197839029,0.836974663169219,0.39164717300796514,0.6508338384089931,0.225806,0.8477786350914152,0.7745533508787452,0.5035926104697102,0.9979137255004014,0.4484027775572944,0.6568366298752446,0.209677,0.8631760778644282,0.7278182598452609,0.8633230326320216,0.9153584032138549,0.46733062093082056,0.6323630939568243,0.209677,2.315760965694655,0.5774458057464465,0.671495775406888,3.2631308456357155,0.39716459165531615,0.6109117399300299,0.193548
valid100_063,0.5662238253074903,0.5975482197995103,0.4483633124814931,0.5967468402266638,0.3683319822803579,0.6996845862557811,0.403226,0.5334310463762003,0.5956821650138646,0.38532545400795465,0.5616988316345037,0.3376809085438246,0.6829217230120013,0.370968,0.5976620675118185,0.42545344825326425,0.3274857902796503,0.7634034221537107,0.3552533129613892,0.7048481443235951,0.370968,0.6163622538643845,0.615967053283736,0.5331843342320449,0.6103585007769095,0.4359893243002604,0.6532434667310407,0.306452
valid100_064,1.2324853833341403,1.0816808876305442,0.9136014729925663,1.2649340191296496,0.59329379377417,0.5996259556097143,0.30882350000000003,0.888699670872414,0.5545668460884433,0.42707548348589475,1.1015088806969207,0.4636618771922222,0.5765973991330933,0.279412,1.1214430771807375,0.9073935709962084,1.5030140439156425,0.9963210900281264,0.45635187317736975,0.5842236468897146,0.27941150000000003,0.8228094975763445,0.8532698836998083,1.1117513469728502,0.5958990710990006,0.39906895757893907,0.5751868105110001,0.279412
valid100_065,1.8644672814695056,0.702483471704769,2.1038097813309644,2.077854509492229,0.4140627383061328,0.6364258012601307,0.30000000000000004,2.2810315781236605,1.08899494040763,2.322446785110241,2.5967153199874464,0.6192415739023365,0.6200484007596969,0.34285750000000004,2.222078066971791,0.6117423884537432,2.2356816050090247,2.606143750714466,0.46166912067184696,0.5872089556285314,0.30000000000000004,1.904638581084821,0.7322793381305426,2.0793093456802563,2.1437518358630383,0.5005531897767459,0.5674774391310555,0.30000000000000004
valid100_066,1.3865646534850167,1.141954969766171,0.645536576903436,1.6116333200079633,0.4612211422806176,0.6206089872302432,0.333333,1.5857598448954557,0.7682383086914559,0.4880198268104677,2.0997937726316938,0.4063747581599494,0.640336968682029,0.3181815,1.4817004812599288,1.317043036439931,0.46694692355142414,1.6979373996673817,0.4916624825866639,0.6260016962434306,0.3181815,1.4261301934236876,0.978034657051941,0.4336074124030949,1.8145434492945873,0.44483821216972363,0.616782090880654,0.272727
valid100_067,0.9692004280023125,0.8325761825804622,0.7206752179084958,1.2168283710236008,0.4924299589797529,0.6834231441219647,0.2708335,0.7337323592463721,0.6588498628761164,0.5732435085723941,0.886711401533472,0.4670459811077021,0.6864724134405453,0.291667,0.8106580971345863,0.7731417788371642,0.4726870554383259,1.0171674029680502,0.5477585025520476,0.6869253739714622,0.3125,0.8302982501274427,0.559452081028657,0.35807395368637635,1.207285648698527,0.39339974820370727,0.6390688090274732,0.2708335
valid100_068,2.155287155480033,0.5418437176643152,0.7234634464953701,3.0884650848127855,0.5660472667651022,0.6494929646807057,0.125,3.4180007475389704,0.7681407580038337,0.5927081789285737,4.948523862372736,0.5129165221171477,0.630850569478103,0.142857,2.2453608611763354,0.6426933198968386,0.5671530793433619,3.2274728931092382,0.4990484032666365,0.6449491770139761,0.1607145,4.503999759560747,0.7411159364131258,0.538795154624778,6.571969309598298,0.4851221583258931,0.6018438408417361,0.16071400000000002
valid100_069,3.684595620848455,0.36760859056269934,0.35904171642297467,5.648679672347417,0.41239189840434587,0.6660622329666064,0.25,3.578703093511325,0.62586037292967,0.5424731073823252,5.456904500444341,0.46307559831074896,0.6528496547387197,0.21153850000000002,2.3786045685393575,0.8238336587648711,0.7321004826931823,3.5230192302390124,0.49254413133135316,0.6857258408115461,0.21153850000000002,3.4952837517042035,1.3366818400592302,0.7428525604817433,5.1869092106938375,0.4488127484107071,0.6043348879768298,0.153846
valid100_070,0.9651287962175528,0.7106420285606141,0.48287841710967594,1.3955071685753444,0.5664596070403043,0.6756391952867093,0.2391305,1.327609999467957,0.9587182432810377,0.5398979404823131,1.9418039020636666,0.5427476777178823,0.6795941060004027,0.26087,1.8885861827999992,0.8173907920301868,0.31601891810392924,3.075483431146993,0.39697396397840135,0.6826390429683353,0.26087,1.0394310832261104,1.0303764806658746,0.4247179492940417,1.3491999975801587,0.5696238911767454,0.6713165005911952,0.217391
valid100_071,0.696051133381732,0.5401147527546689,0.5878003824827216,0.8018716297854789,0.5261556548078161,0.6687874170020223,0.25,0.71907763332024,0.7596932281012936,0.4518953408869532,0.7799061760450607,0.4958806761242873,0.6248900149948895,0.265625,0.6713099412393564,0.417777022929372,0.31052946945425985,0.8750780636731363,0.35703481358511135,0.6666195625439286,0.203125,0.8787264820834799,0.5493832838907838,0.3243490531352794,1.1539632094211776,0.4155896490294632,0.5674775317311287,0.265625
valid100_072,0.7191554839376492,0.7193827326324583,0.6256199056765863,0.7388124789922188,0.4519490602001073,0.6012204165259998,0.26388900000000004,1.16271846692639,1.6030503969797494,0.44733409098312027,1.072033681307124,0.7106331345664576,0.604356862190697,0.23611100000000002,1.0898866029697665,1.2305729633507552,0.9669902866071869,1.0749250869824807,0.5123406300419794,0.6211297098133299,0.26388900000000004,0.9772089516092485,0.772107936452242,0.5590328752779472,1.1641414842801678,0.6366280577965578,0.616929278605514,0.26388900000000004
valid100_073,1.9265779191605894,0.6600792633505275,0.4145466949686501,2.710937875625472,0.4366438364089128,0.6537112927642361,0.2068965,2.377970947663946,0.8147328419911293,1.1182280901149129,3.2707260317098,0.842523811984019,0.6400774152114473,0.206897,4.151547016783702,0.6251757108145304,0.5596963313557972,5.9296799220260255,0.3776654007052641,0.5957339976368279,0.2068965,3.0187519896145476,0.7759811916819848,1.1039517387425526,4.221189878227866,0.6659419085589605,0.5971167226289881,0.224138
valid100_074,2.2796155075688085,0.7526216278976375,0.9175704513604928,3.171054278465181,0.4377934146307163,0.6384349651634693,0.285714,1.5580896892117806,0.7530138266665909,0.5899885238236936,2.16218118592017,0.3932197545620315,0.5943145698734692,0.214286,1.409581718179973,0.8158494967205285,0.4698021387016591,1.9297086668304932,0.37733595867588104,0.6273916571268014,0.232143,2.6601415907346384,1.6121864151676588,0.6045632659669954,3.648856640645123,0.39523448383770454,0.5801257145191943,0.1785715
valid100_075,0.8402714155064261,0.5517710765366781,0.6068265228065132,1.0540762070022307,0.3674150846220429,0.6341969843568473,0.4310345,1.7312918288284624,0.7664459709801257,0.753141264428532,2.4199957555484373,0.47661283958417744,0.6331255369145294,0.344828,1.353638654864324,0.6230490449323419,1.0990338445545864,1.7128446950480698,0.4790619240801375,0.6619825866715661,0.362069,1.0139143355640683,1.0915191626493106,0.8471283948056307,1.0516068559127445,0.4794711213288031,0.6372514120463667,0.37931
valid100_076,3.7928150324505356,1.1917426609952364,6.028097483938122,2.252766322465041,0.7747230254026304,0.4993493549133602,0.1973685,3.2466421058115325,1.2056517755419547,4.474123389722772,2.3705103032932744,0.8425359563021972,0.5442031947405714,0.1842105,2.9533758152900154,1.1660875829776685,4.543004236358268,2.005395977554734,1.0073896027737141,0.5410170908036984,0.1710525,2.355198899165924,0.9036191145983374,3.0262596924291736,1.9689359023811197,0.5124662651512352,0.5133254465303922,0.1710525
valid100_077,1.883358510300376,1.835361648285561,0.5793114432555218,2.1854177432647974,0.4674863587676133,0.6159448270286833,0.34285750000000004,1.7584011390326375,1.265079854268916,0.5212324632878826,2.1679363852110765,0.6205738955395169,0.6086398593017033,0.3285715,2.0776907599637022,1.6699665235582954,0.4554101159200731,2.504312065351849,0.5472855487319093,0.6083210421460015,0.3285715,1.4350499168547475,1.2934513072290994,0.5756401415027308,1.6588047333253857,0.4907411822620149,0.5919274155582701,0.242857
valid100_078,0.9174496237404661,1.0134341042121435,0.5485158749774001,1.0043620989935458,0.44358237104172926,0.7118929072662636,0.259259,0.8128859738761968,1.008124136689451,0.47950962808693337,0.7940722809663622,0.43165275797893504,0.7363013879016593,0.296296,1.0624805995010944,0.7703414334926466,0.8184119629772455,1.355545303320042,0.5062163073008271,0.738816887140274,0.2777775,0.952446565241275,0.6475237325898702,0.9440762684843004,1.145937555679291,0.6920454213513392,0.7179830008082919,0.222222
valid100_079,1.8241905159477885,0.6164571027038799,1.1429360949656648,2.3662840621510357,0.36457521057410025,0.5414763404564424,0.2272725,1.826809613443313,0.6913103974515935,0.9993792631496101,2.4161453673378146,0.5386239124970018,0.5597385930066758,0.21590900000000002,2.068676578835875,1.1841429116779674,1.4069285485256273,2.5970170790286504,0.5434268599496432,0.556613717566837,0.227273,2.580377931871557,0.7213517910657392,1.7901402826712487,3.326300297371461,0.4666496838365226,0.5435511029579423,0.2386365
valid100_080,1.490924548761686,1.078062869371314,0.5384591128754295,2.3558985528077128,0.809060136865897,0.676959216594696,0.1666665,1.3546913155033358,0.5787263834090705,0.41769876247475024,2.396236183312098,0.7258162947700596,0.701509952545166,0.190476,1.4461817389161111,0.53538978521486,0.6344719250607508,2.5351227174281545,0.4780684596483553,0.6962073062147413,0.1666665,1.145051179608537,0.42568810888555425,0.41478698233752653,2.0342045475288852,0.4988133057219591,0.67337614155951,0.2619045
valid100_081,3.182558030008175,1.068016541094885,0.6573042438940155,4.278957622610827,0.44852605566290726,0.6582332993857563,0.234375,2.7151596772465725,0.5447601052640387,0.573157547923773,3.680927680177324,0.43132995444410505,0.6317299539223313,0.21875,1.4866332109025033,0.931990081133357,0.7873301582193434,1.8502672095616766,0.43496296980548765,0.6227763597853482,0.21875,1.4303287309332111,0.48998425420896485,0.6381082798861779,1.8844192407060691,0.39414797717273586,0.6150032957084477,0.265625
valid100_082,1.3039436897631669,0.7413032871487941,0.7135203389082792,1.7460889412941796,0.4380034169720376,0.6904956794210844,0.2857145,1.9686449991130308,0.8223212236621902,0.6714162241262607,2.7666440954074583,0.5631722794877716,0.6294323381568705,0.25,1.9190218459880695,0.5758931397025572,0.4984525483835134,2.722680937903042,0.5941642649415605,0.6217870201383318,0.2857145,1.341735607590876,0.794709865576587,0.4410235014882792,1.824611692910554,0.5928670884796815,0.6401519860540117,0.285714
valid100_083,1.3666956497940497,0.7262318994206278,1.054378923225141,1.6691332594664476,0.6160085417676192,0.6504400507096322,0.12903199999999998,1.479581235993429,0.6040489787991882,0.4573466886459634,1.988005018306443,0.4823425821060243,0.6259889823775138,0.112903,1.523242939568633,1.1717102644757464,0.4674792311019223,1.923823608767668,0.5196353936791959,0.630206579642911,0.129032,1.1007622837925903,0.7077997378286587,0.8363859245642982,1.2959174542023568,0.4821466114898204,0.6527148735138678,0.177419
valid100_084,3.067368565046641,0.5658205199735188,0.6129574323884335,4.389807457068619,0.5347564731193312,0.6383474101977689,0.232143,5.675637078826243,0.7739801059307849,0.39645200028423555,8.30127563651758,0.5225565737530702,0.6461364972804274,0.267857,4.143260937036802,0.5484532220083957,0.5555439049786597,6.048627430983659,0.47416401690800236,0.6491885712104184,0.285714,3.4525830961362343,0.6182085019931837,0.3669071467264389,5.026343604343717,0.5031058931866744,0.6515890194901398,0.2857145
valid100_085,1.130846018953632,1.0548037135357333,0.7280725816141643,1.306014910207078,0.4170136018998277,0.6040388788237716,0.19696950000000002,1.8050813366294802,2.93413343078862,0.8442615499958033,1.1422008192805202,0.620420896947016,0.6163242423173153,0.242424,1.6139729787008772,0.7165269322396541,0.4326649503587049,2.1360483689721232,0.516204366494226,0.6009149998426437,0.19696950000000002,0.8863000139360784,1.0776968862575549,0.6790021752158881,0.7859938749451043,0.5169457858958815,0.58253192450061,0.242424
valid100_086,2.493372925665167,0.7941219867795397,0.5524547378818695,3.427263492813361,0.34366956130675386,0.639748499825083,0.413793,1.3202170488459677,0.9080384001285183,0.6604527602875983,1.7049564400840462,0.36963295216881636,0.6235380994862523,0.3793105,1.4750942714227553,0.8374727988652876,0.632321754335158,1.9755025544159968,0.4409829616238777,0.6290376032220906,0.37931,1.3253669701463884,0.9998938543097122,0.5663032788195972,1.6992594576292361,0.6962098241340511,0.6007735873090809,0.29310349999999996
valid100_087,1.1410685396157816,0.6911114330987203,0.6698770905275886,1.3983856618626782,0.49866390880024697,0.6263724192976952,0.375,1.5331153862758269,0.8108568533664466,0.6095511746824287,1.9352091280307562,0.46370584202151954,0.6460892351137266,0.333333,1.3666765939667196,1.0496962632991704,0.826421917595888,1.6218894905077574,0.5452977584656374,0.6504211665855514,0.36111099999999996,1.9098332940141907,0.843063593915744,0.6355033792029708,2.4668778267207325,0.5154956094094354,0.584753930154774,0.36111099999999996
valid100_088,1.1110107778654894,0.9060417534954622,1.4359872024093425,1.0121264080699361,0.5377989415654364,0.6587769844952751,0.264706,1.0304394327809008,0.9410177162117845,0.7497615582876231,1.1627644656490514,0.45764371358577277,0.6435954377931707,0.30882350000000003,0.9890952447208108,0.8594699535739627,0.8382664285467961,1.0765048496711178,0.4800167099163524,0.640249973272576,0.25,1.1552650389264723,0.7759179982595298,0.9616831125007459,1.3180397427799972,0.4345864856932965,0.6565530440386604,0.29411750000000003
valid100_089,1.6205970506341725,0.7869055643460384,0.48894160421069083,2.041787169985204,0.3343428823615779,0.6154888847044536,0.314286,1.5953345057046584,0.9076038152931049,0.32981960577640923,2.0186771823982452,0.39774835607553966,0.6015685145344053,0.30000000000000004,1.3843917120986609,1.2824095783319112,0.5789566772268488,1.5698936501668197,0.49653386416746426,0.593640484554427,0.285714,1.9338359164275285,1.109112824409693,1.7923280100476968,2.214348921577397,0.47050496551260323,0.5873016144548144,0.3285715
valid100_090,1.988170302470558,1.5639016584271097,0.5237070015684295,2.775413969076303,2.255403605992125,0.685328961610794,0.28,2.133276406026332,1.7558898864590051,0.46994257551906227,2.9516409387713014,2.135945357664634,0.6630403798818589,0.3,3.004904966546893,1.2868762888972518,0.6284188155766364,4.514445661034874,2.0827519995335795,0.6250399595499039,0.28,1.8959822809396347,1.5314056831734224,0.7682438409638896,2.5857944871176333,2.1456269389407643,0.6424385160207748,0.28
valid100_091,2.442347334512677,0.7976676157903924,0.5789685281985856,3.7313744059195693,0.38835886830664745,0.7048390949213946,0.3518515,2.2306320544329337,1.0984878895601358,0.42415828296634,3.345038311003483,0.7833215767929884,0.6657926677553743,0.38888849999999997,2.33972839102805,0.7273166510043851,0.19682051951549556,3.6088892248518913,0.28598917417324216,0.6734595364994473,0.3518515,2.690084341963303,1.3016635744256821,1.0475750550327192,3.947485993254247,0.5758303271658743,0.646785631775856,0.3518515
valid100_092,1.5610030027317578,0.7333112070595131,0.35804298599021944,2.659142420527608,0.49373726555325104,0.749097501454146,0.36956500000000003,1.5069369349895865,0.7201955372089366,0.5615344244863423,2.5207779777469184,0.438863235556912,0.7304866540691126,0.36956500000000003,1.386374244550725,0.43430709835332376,0.3970626201876535,2.4290454983170418,0.6243908350734285,0.7467591710712599,0.36956500000000003,1.8292048530087357,0.4742788484289046,0.2606785344014515,3.264062489912318,0.30427895727280413,0.6906648666962334,0.4130435
valid100_093,2.4091281527264785,0.8977647806641434,0.9246196475264358,3.0565703698698834,0.44028461414025166,0.5802385831872623,0.23611100000000002,2.0881630304548153,0.8172765356282059,0.9988407759789795,2.6123047258974053,0.40716046503485703,0.5951713613337941,0.23611100000000002,2.479213486806274,0.8533544317228315,0.6673436546010111,3.1705489517087746,0.3821600268106857,0.6137559451162815,0.222222,2.997942757272593,0.7744576010996402,0.569445834940282,3.8790988595885354,0.6364109451547778,0.5903889164328575,0.222222
valid100_094,1.0602195785763269,0.6911295090494499,0.4683777448982095,1.3574175765208016,0.30319606982209213,0.6612221508315115,0.3484845,0.9762575127239783,0.569495009293771,0.5665947861184959,1.2434339478268148,0.33378361965262415,0.648486998948184,0.3787875,1.0270779060395718,0.5499824065276369,0.8765060035566726,1.239283280948325,0.34068625251084744,0.652560679750009,0.393939,0.8807272795902987,0.7463155765547013,0.6714354426446643,1.0085405147708948,0.35861187830679675,0.633457334655704,0.424242
valid100_095,1.8472158045126945,0.5874013140666491,0.6022557288690902,2.430814139174924,0.5050127207628836,0.6268652894667217,0.4142855,1.2497182735286008,0.4342135840893091,0.3574078817770962,1.6544458048517101,0.3803334165461801,0.5846395109380995,0.47142850000000003,2.1993846182327186,0.6641979503269175,0.44457210336834085,2.9369156902497107,0.4006183547359435,0.5839158705302647,0.48571450000000005,1.6204399402053156,0.5867371220354664,0.545561172254344,2.136788315082022,0.4454876338575427,0.6010804610592978,0.4571425
valid100_096,1.9354199241266064,0.7579214823119786,1.3738225351504747,2.337400623212429,0.4701246897761224,0.5701199856897196,0.27777799999999997,2.586794772052774,0.8277213015589453,1.2969890165086493,3.3101681215142635,0.4538221761857496,0.5597973734968238,0.34722200000000003,2.2099225364260597,0.821461057534226,2.087806634286931,2.53716908692002,0.43342912813239154,0.5667360300819079,0.27777799999999997,1.8873437676470897,0.6516690815088181,1.161676344401784,2.3321239875373188,0.5161113862047839,0.5588733475241396,0.3055555
valid100_097,2.415256933533519,0.7870890926784396,1.6600415929472787,2.899928360200875,0.6296062130220949,0.5462277215428468,0.2926825,2.2694208818148107,1.0880528185645284,1.9198897613542338,2.6226969849465465,0.572586026457761,0.5238638785554142,0.25609750000000003,2.6462115358897353,0.859165342276181,1.6469945646961155,3.215386479308285,0.7683464545618361,0.551210607697324,0.24390250000000002,2.3942695930945748,1.589856437397178,1.5644788026822405,2.768235975604874,0.5356561107210132,0.5871281107751334,0.2560975
valid100_098,0.6916239653947518,0.6378415736520242,0.4732519434104111,0.8699471535199411,0.413513486379974,0.7231323393908414,0.2727275,0.9458363903143078,0.5167365792294807,0.45508708634856543,1.545814020153085,0.4646595866051683,0.7404239990494468,0.272727,0.652263750832228,0.4375838099043915,0.4126978473490335,1.0376313363562781,0.42181277574677123,0.7069282721389424,0.2954545,1.4017789157004015,0.8196554001104837,0.7989064316301308,2.312000105836849,0.6167901607237612,0.6969570476900447,0.363636
valid100_099,1.8605948784244992,0.8690209055955808,0.5796042556411453,2.791080673159433,0.41180654580654985,0.6853006660938263,0.18,1.922654500192146,0.6393858019026495,0.47858933633586054,2.957309295440958,0.40432158529090867,0.6686464393138886,0.2,1.7831419464349063,0.6543584609663909,0.6495697957255678,2.6966577866514463,0.46019559759053774,0.667956902384758,0.22000000000000003,1.2341689540996756,0.7114354349562437,0.6200716784746756,1.6357495082001188,0.5229508447070474,0.6296429216861725,0.26
valid100_100,0.8347637706463609,0.5565142586536915,0.591800808860943,1.104421977155121,0.3284246385799519,0.6576469409465789,0.22000000000000003,0.9066496594906457,0.8007403723780129,0.5282774698685356,1.1691515509804045,0.4369893515188279,0.649750143289566,0.30000000000000004,0.7199265016039242,0.6802905872663316,0.47549577196746184,0.8941615731875124,0.3292128050364932,0.6904781401157379,0.32,1.664587183253163,0.7629085526398398,0.7071616860575809,2.5027414855350223,0.4195784630357384,0.6125817030668259,0.30000000000000004
