pair_id,case_id,n_diff,top30_mass_positive_conservative,top30_mass_absolute_average,top30_mass_absolute_drop,top30_mass_absolute_gain,best_reversion_gain,has_negative_both_tol005,has_sign_flip_tol005
sab2_1acy_h:sab2_1acy_h_s00:sab2_1acy_h_s10,sab2_1acy_h,13,0.9787390406684906,0.6274204474142315,0.6747182620216201,0.5917973923839936,1.7351646423339844,True,True
sab2_1acy_h:sab2_1acy_h_s04:sab2_1acy_h_s11,sab2_1acy_h,16,0.8543989182889784,0.613068964817196,0.5545544846212448,0.6371676118496657,2.662606239318848,True,True
sab2_1acy_h:sab2_1acy_h_s06:sab2_1acy_h_s02,sab2_1acy_h,21,0.9692466128690681,0.7464146036367553,0.674412092719691,0.7824450101075032,0.6834421157836914,False,True
sab2_1acy_h:sab2_1acy_h_s19:sab2_1acy_h_s14,sab2_1acy_h,18,0.9624694807373508,0.7750197848932276,0.6921671309177861,0.7751671137857361,2.353738784790039,True,True
sab2_1acy_h:sab2_1acy_h_s24:sab2_1acy_h_s25,sab2_1acy_h,15,0.8471845851371755,0.6713779829533629,0.680902235459357,0.6407327682196585,2.9190568923950195,True,True
sab2_1acy_h:sab2_1acy_h_s28:sab2_1acy_h_s31,sab2_1acy_h,18,0.9281054026197469,0.619128810205043,0.6425663607750696,0.5763202492374355,3.185287475585937,True,True
sab2_1acy_h:sab2_1acy_h_s29:sab2_1acy_h_s08,sab2_1acy_h,8,0.8623343461281261,0.722822145362214,0.7039617164874051,0.7418374005312871,1.7824592590332031,False,True
sab2_1acy_h:sab2_1acy_h_s30:sab2_1acy_h_s07,sab2_1acy_h,15,1.0,0.6892545361017788,0.6716405861727709,0.6616858131289933,1.548480987548828,True,True
sab2_2f58_h:sab2_2f58_h_s01:sab2_2f58_h_s15,sab2_2f58_h,16,0.8857686368543785,0.7522834573661226,0.6346176613676217,0.7096593535662825,0.7682943344116211,True,True
sab2_2f58_h:sab2_2f58_h_s04:sab2_2f58_h_s17,sab2_2f58_h,16,0.9602316647223426,0.6977500189612182,0.5802529874470819,0.6719236043637928,1.2537546157836914,True,True
sab2_2f58_h:sab2_2f58_h_s07:sab2_2f58_h_s24,sab2_2f58_h,18,0.9233484004386228,0.7344489301617448,0.7563578693983928,0.6707154026771334,1.0991325378417969,True,True
sab2_2f58_h:sab2_2f58_h_s10:sab2_2f58_h_s00,sab2_2f58_h,16,0.9368713007959146,0.784953703993957,0.5930190131940715,0.8202678057454119,0.8626375198364258,True,True
sab2_2f58_h:sab2_2f58_h_s12:sab2_2f58_h_s28,sab2_2f58_h,16,0.9130085847688383,0.7165583498776923,0.6595270551614517,0.6451436881892981,1.2753095626831057,True,True
sab2_2f58_h:sab2_2f58_h_s13:sab2_2f58_h_s29,sab2_2f58_h,16,1.0,0.671433513572949,0.755057915274111,0.6667875347732335,0.6771726608276367,True,True
sab2_2f58_h:sab2_2f58_h_s16:sab2_2f58_h_s18,sab2_2f58_h,18,0.9368500525409459,0.6480685689470129,0.6543052720575553,0.6663266325505396,1.7789545059204102,True,True
sab2_2f58_h:sab2_2f58_h_s26:sab2_2f58_h_s03,sab2_2f58_h,21,0.9878669345820361,0.7967777825739886,0.8060522324735085,0.7504581675688485,0.6886100769042969,True,True
sab2_4i1n_b:sab2_4i1n_b_s00:sab2_4i1n_b_s05,sab2_4i1n_b,14,0.9562953914305081,0.5947945431122575,0.6692771975775439,0.5413831792413017,1.775835037231445,True,True
sab2_4i1n_b:sab2_4i1n_b_s06:sab2_4i1n_b_s23,sab2_4i1n_b,12,0.8792926601540477,0.6719521030770191,0.5997076693068353,0.6192253956082596,1.2049636840820312,True,True
sab2_4i1n_b:sab2_4i1n_b_s12:sab2_4i1n_b_s13,sab2_4i1n_b,17,0.967051884624434,0.6190723508892916,0.5262383696569422,0.6689453904468606,1.0743303298950195,True,True
sab2_4i1n_b:sab2_4i1n_b_s14:sab2_4i1n_b_s09,sab2_4i1n_b,13,0.9036563992169269,0.7203509497592571,0.7064907858588055,0.6961354021310161,0.3552579879760742,True,True
sab2_4i1n_b:sab2_4i1n_b_s16:sab2_4i1n_b_s03,sab2_4i1n_b,19,0.9761774415053939,0.6888464215500321,0.6830857798191413,0.6126819217294996,0.4250984191894531,True,True
sab2_4i1n_b:sab2_4i1n_b_s18:sab2_4i1n_b_s27,sab2_4i1n_b,13,0.8838475189369532,0.5043362263891665,0.6428531548162781,0.4728645723441828,1.6237068176269531,True,True
sab2_4i1n_b:sab2_4i1n_b_s19:sab2_4i1n_b_s07,sab2_4i1n_b,10,0.6984194418802299,0.6624938830524826,0.7310412790867947,0.5511509376662851,0.8914070129394531,True,True
sab2_4i1n_b:sab2_4i1n_b_s29:sab2_4i1n_b_s04,sab2_4i1n_b,20,0.8754201682231476,0.6250594823757034,0.6987461264357124,0.6387604462024928,0.2662897109985351,True,True
sab2_4r2g_d:sab2_4r2g_d_s01:sab2_4r2g_d_s27,sab2_4r2g_d,26,0.9368020702146114,0.6846468905693214,0.696701417743677,0.6370275566216091,0.9357748031616212,True,True
sab2_4r2g_d:sab2_4r2g_d_s06:sab2_4r2g_d_s26,sab2_4r2g_d,26,0.9829621361028555,0.6606945383251394,0.6147494725414105,0.6075975509466349,1.104665756225586,True,True
sab2_4r2g_d:sab2_4r2g_d_s12:sab2_4r2g_d_s14,sab2_4r2g_d,26,0.7620558792658495,0.5596284088020644,0.6489263014446922,0.6074133839224337,0.8955612182617188,True,True
sab2_4r2g_d:sab2_4r2g_d_s18:sab2_4r2g_d_s28,sab2_4r2g_d,25,1.0,0.6465929798303638,0.6811761331115745,0.589755524161443,0.9389896392822266,True,True
sab2_4r2g_d:sab2_4r2g_d_s19:sab2_4r2g_d_s09,sab2_4r2g_d,25,0.9062473249960912,0.5297901274498341,0.7497954401376319,0.568581679043519,1.9298524856567385,True,True
sab2_4r2g_d:sab2_4r2g_d_s20:sab2_4r2g_d_s24,sab2_4r2g_d,28,0.9546249993264507,0.6707422896180132,0.6753377682380077,0.615742595340326,0.9011878967285156,True,True
sab2_4r2g_d:sab2_4r2g_d_s21:sab2_4r2g_d_s02,sab2_4r2g_d,28,1.0,0.6161733204958574,0.583499195827028,0.5758746205185097,1.0451154708862305,True,True
sab2_4r2g_d:sab2_4r2g_d_s23:sab2_4r2g_d_s04,sab2_4r2g_d,31,0.9490004117937734,0.6595090064276933,0.6340570150362712,0.6088996150701597,0.7407188415527344,True,True
sab2_4xmp_h:sab2_4xmp_h_s01:sab2_4xmp_h_s05,sab2_4xmp_h,30,0.9052092214876873,0.6205749268675591,0.5856181121823296,0.585274672382326,1.78191339969635,True,True
sab2_4xmp_h:sab2_4xmp_h_s04:sab2_4xmp_h_s16,sab2_4xmp_h,21,0.9762453973669205,0.6186033208833787,0.6020026019148053,0.7113824000041694,2.903451282531023,True,True
sab2_4xmp_h:sab2_4xmp_h_s11:sab2_4xmp_h_s27,sab2_4xmp_h,24,0.9375610660821334,0.6341719381315759,0.6273736762670682,0.7111568174675693,7.323044061660767,True,True
sab2_4xmp_h:sab2_4xmp_h_s18:sab2_4xmp_h_s31,sab2_4xmp_h,26,1.0,0.5479626952802064,0.4970304828662885,0.6941555323563733,2.9334438294172287,True,True
sab2_4xmp_h:sab2_4xmp_h_s21:sab2_4xmp_h_s10,sab2_4xmp_h,22,1.0,0.7086335612675606,0.6899286875914092,0.6543762166422606,1.483224868774414,True,True
sab2_4xmp_h:sab2_4xmp_h_s23:sab2_4xmp_h_s09,sab2_4xmp_h,25,1.0,0.6264169633985697,0.6633378636721168,0.6969267748503698,3.704282999038696,True,True
sab2_4xmp_h:sab2_4xmp_h_s24:sab2_4xmp_h_s12,sab2_4xmp_h,25,0.883739295401357,0.7520848911959103,0.6648231362326913,0.7520779080551371,0.7625255584716797,True,True
sab2_4xmp_h:sab2_4xmp_h_s25:sab2_4xmp_h_s20,sab2_4xmp_h,28,1.0,0.7243341151108353,0.6583011475998428,0.7676925446115727,2.9552202224731445,True,True
sab2_5vxk_b:sab2_5vxk_b_s00:sab2_5vxk_b_s24,sab2_5vxk_b,18,0.994722142636735,0.6602421434176258,0.711097570695815,0.5967217764527091,1.551496505737305,True,True
sab2_5vxk_b:sab2_5vxk_b_s07:sab2_5vxk_b_s08,sab2_5vxk_b,19,0.9512702493552698,0.6567541914759532,0.5860958187988498,0.6282015075284599,0.407196044921875,True,True
sab2_5vxk_b:sab2_5vxk_b_s10:sab2_5vxk_b_s18,sab2_5vxk_b,18,0.9731625674093277,0.6437557145624405,0.7306360629569509,0.6406679510495167,1.3644304275512695,True,True
sab2_5vxk_b:sab2_5vxk_b_s15:sab2_5vxk_b_s14,sab2_5vxk_b,15,0.936337227547004,0.6269471941488057,0.6830037226582878,0.7082316940208278,1.7857379913330078,True,True
sab2_5vxk_b:sab2_5vxk_b_s16:sab2_5vxk_b_s12,sab2_5vxk_b,18,0.8925510451641151,0.6295566918162976,0.615911449139716,0.5748513417768052,0.8165054321289062,False,True
sab2_5vxk_b:sab2_5vxk_b_s20:sab2_5vxk_b_s25,sab2_5vxk_b,17,1.0,0.6059848606100761,0.5829697261260349,0.6576016274355343,1.076528549194336,True,True
sab2_5vxk_b:sab2_5vxk_b_s22:sab2_5vxk_b_s04,sab2_5vxk_b,22,0.8205414774004788,0.7028696734797127,0.6591095508240357,0.6819414562007385,0.6126899719238281,True,True
sab2_5vxk_b:sab2_5vxk_b_s26:sab2_5vxk_b_s23,sab2_5vxk_b,18,0.9528194396996218,0.5298432109348359,0.576447788056923,0.6211731317227637,1.3296384811401367,True,True
sab2_6mqe_h:sab2_6mqe_h_s01:sab2_6mqe_h_s16,sab2_6mqe_h,19,0.972026063621216,0.6746183374842499,0.6632249120178063,0.6152419953045861,1.659322738647461,True,True
sab2_6mqe_h:sab2_6mqe_h_s04:sab2_6mqe_h_s14,sab2_6mqe_h,22,0.980082557034268,0.6116037269340898,0.6334074821739694,0.5767451979244658,2.321985244750977,True,True
sab2_6mqe_h:sab2_6mqe_h_s07:sab2_6mqe_h_s00,sab2_6mqe_h,22,0.9659790493395,0.6472962501168751,0.6065809559094661,0.7447430431473377,2.6977033615112305,True,True
sab2_6mqe_h:sab2_6mqe_h_s15:sab2_6mqe_h_s24,sab2_6mqe_h,19,0.9213475857123335,0.6121114547766927,0.6201655127543692,0.579703110299153,2.382936477661133,True,True
sab2_6mqe_h:sab2_6mqe_h_s17:sab2_6mqe_h_s12,sab2_6mqe_h,20,0.9951964423610574,0.6121547990579864,0.7477793022628223,0.5754268126730449,3.722070693969727,True,True
sab2_6mqe_h:sab2_6mqe_h_s20:sab2_6mqe_h_s02,sab2_6mqe_h,21,0.8519545032061814,0.629351134388905,0.5906818703843846,0.6086952137536176,1.2672243118286133,True,True
sab2_6mqe_h:sab2_6mqe_h_s21:sab2_6mqe_h_s13,sab2_6mqe_h,20,0.7506664142142148,0.6119011978339725,0.5913832079594602,0.6169379333944118,1.222757339477539,True,True
sab2_6mqe_h:sab2_6mqe_h_s28:sab2_6mqe_h_s18,sab2_6mqe_h,21,0.986586938697313,0.6877703951135091,0.7025966248599375,0.6539361729013617,2.9104223251342773,True,True
sab2_6p4b_b:sab2_6p4b_b_s01:sab2_6p4b_b_s23,sab2_6p4b_b,12,0.8808824420890716,0.5721996473379141,0.7028234487243523,0.5890055045512173,1.2819032669067385,True,True
sab2_6p4b_b:sab2_6p4b_b_s06:sab2_6p4b_b_s00,sab2_6p4b_b,12,1.0,0.708337314546917,0.7522800165250697,0.5947884203529773,2.1599225997924805,False,True
sab2_6p4b_b:sab2_6p4b_b_s12:sab2_6p4b_b_s26,sab2_6p4b_b,7,0.987450703539089,0.7555381919603951,0.8560431730630188,0.6909866815792836,1.5033683776855469,False,True
sab2_6p4b_b:sab2_6p4b_b_s13:sab2_6p4b_b_s17,sab2_6p4b_b,10,0.9977766224929766,0.623968497705227,0.6236874805707202,0.6333973885688166,2.614529609680176,True,True
sab2_6p4b_b:sab2_6p4b_b_s16:sab2_6p4b_b_s14,sab2_6p4b_b,9,0.9902807839472804,0.7278736162493848,0.8057922635881744,0.6264267924385769,0.564356803894043,False,True
sab2_6p4b_b:sab2_6p4b_b_s22:sab2_6p4b_b_s09,sab2_6p4b_b,10,0.8364906130910164,0.5282498724120096,0.5693974106786183,0.5325715159635028,2.779224395751953,True,True
sab2_6p4b_b:sab2_6p4b_b_s30:sab2_6p4b_b_s28,sab2_6p4b_b,12,0.8957291845281043,0.5601809822431246,0.560326682667122,0.6113705443819288,1.1076812744140625,True,True
sab2_6p4b_b:sab2_6p4b_b_s31:sab2_6p4b_b_s25,sab2_6p4b_b,12,0.9399905854676049,0.8170471712110283,0.75596781299614,0.7406911450902742,0.6171331405639648,True,True
sab2_6u52_c:sab2_6u52_c_s07:sab2_6u52_c_s11,sab2_6u52_c,15,0.9786543176527284,0.7806801137900544,0.7348037396455194,0.7683141623149099,1.533595085144043,True,True
sab2_6u52_c:sab2_6u52_c_s10:sab2_6u52_c_s15,sab2_6u52_c,11,0.9131014451037217,0.7323564380946472,0.6977097324026419,0.7406281715489207,1.2941017150878906,True,True
sab2_6u52_c:sab2_6u52_c_s13:sab2_6u52_c_s12,sab2_6u52_c,8,1.0,0.7769119310394257,0.7109446878543955,0.8216563379806223,1.1231613159179688,True,True
sab2_6u52_c:sab2_6u52_c_s18:sab2_6u52_c_s29,sab2_6u52_c,15,0.9155300486734606,0.7491389093780293,0.6701621502915242,0.7646279290724399,1.7093048095703125,True,True
sab2_6u52_c:sab2_6u52_c_s20:sab2_6u52_c_s04,sab2_6u52_c,14,0.9822649619055307,0.6624084859386101,0.674401371364405,0.6373470108669657,1.6336183547973633,True,True
sab2_6u52_c:sab2_6u52_c_s22:sab2_6u52_c_s31,sab2_6u52_c,19,1.0,0.7081498176476856,0.6348350712048706,0.717150822203797,2.764455795288086,True,True
sab2_6u52_c:sab2_6u52_c_s27:sab2_6u52_c_s19,sab2_6u52_c,16,0.9777089718273271,0.6821454607393375,0.6645956336241845,0.6877320398675905,2.8339967727661133,True,True
sab2_6u52_c:sab2_6u52_c_s28:sab2_6u52_c_s00,sab2_6u52_c,14,0.9620082627258488,0.7290580202781017,0.710736317918029,0.7719927855818971,0.8145952224731445,False,True
sab2_7jkt_h:sab2_7jkt_h_s01:sab2_7jkt_h_s05,sab2_7jkt_h,8,0.8240558284776687,0.7425099599193685,0.823851424394063,0.5655439811022079,0.5707089304924011,True,True
sab2_7jkt_h:sab2_7jkt_h_s02:sab2_7jkt_h_s23,sab2_7jkt_h,17,0.9536715164414854,0.6784109796837479,0.5552437889288891,0.6640559069177738,5.730286121368408,True,True
sab2_7jkt_h:sab2_7jkt_h_s06:sab2_7jkt_h_s03,sab2_7jkt_h,17,1.0,0.6386278289699844,0.7255687157995561,0.5666065745385003,7.060362458229065,True,True
sab2_7jkt_h:sab2_7jkt_h_s09:sab2_7jkt_h_s04,sab2_7jkt_h,17,0.9826015390684191,0.6031141001871811,0.5170104808848959,0.685483931818991,3.3961944580078125,True,True
sab2_7jkt_h:sab2_7jkt_h_s10:sab2_7jkt_h_s14,sab2_7jkt_h,18,1.0,0.678047707178969,0.6530150133753811,0.693708051957458,4.319183588027954,True,True
sab2_7jkt_h:sab2_7jkt_h_s16:sab2_7jkt_h_s12,sab2_7jkt_h,9,1.0,0.7585212830121717,0.767447971947745,0.6768526594958028,0.4667825698852539,True,True
sab2_7jkt_h:sab2_7jkt_h_s19:sab2_7jkt_h_s08,sab2_7jkt_h,8,0.9747636040928568,0.8562039316277346,0.737175584320137,0.7945367367865357,1.7772134095430374,True,True
sab2_7jkt_h:sab2_7jkt_h_s20:sab2_7jkt_h_s11,sab2_7jkt_h,16,0.8915817263435225,0.7020749987563122,0.707404572055044,0.7329446835690387,1.0531139373779297,True,True
sab2_7nqk_b:sab2_7nqk_b_s02:sab2_7nqk_b_s29,sab2_7nqk_b,16,0.8733863824639717,0.6302373902223434,0.6101646237959698,0.6511506612801914,2.2340874671936035,True,True
sab2_7nqk_b:sab2_7nqk_b_s06:sab2_7nqk_b_s01,sab2_7nqk_b,16,0.8751520564723652,0.5611857189604755,0.565533673373414,0.5244465062329168,1.683852195739746,True,True
sab2_7nqk_b:sab2_7nqk_b_s09:sab2_7nqk_b_s10,sab2_7nqk_b,17,0.9187958591376715,0.6380765312400999,0.6488466213866525,0.6509570715094957,1.8757200241088867,True,True
sab2_7nqk_b:sab2_7nqk_b_s12:sab2_7nqk_b_s07,sab2_7nqk_b,18,0.8612136332661963,0.6485070609844027,0.6510190170513945,0.6772535277172952,2.1586265563964844,True,True
sab2_7nqk_b:sab2_7nqk_b_s15:sab2_7nqk_b_s13,sab2_7nqk_b,8,1.0,0.70926871042702,0.6327148378702476,0.6898646414942923,1.5889153480529783,True,True
sab2_7nqk_b:sab2_7nqk_b_s17:sab2_7nqk_b_s24,sab2_7nqk_b,17,0.9918762321111226,0.6084559327469592,0.6785457156792195,0.5765065369905821,2.446086883544922,True,True
sab2_7nqk_b:sab2_7nqk_b_s18:sab2_7nqk_b_s05,sab2_7nqk_b,17,1.0,0.6465801239282369,0.6112039559539112,0.5819898742920346,2.535497665405273,True,True
sab2_7nqk_b:sab2_7nqk_b_s20:sab2_7nqk_b_s26,sab2_7nqk_b,15,0.8581144380759624,0.5825321174175258,0.576718259600269,0.5986762766093202,2.004511833190918,True,True
sab2_7qxd_kkk:sab2_7qxd_kkk_s04:sab2_7qxd_kkk_s24,sab2_7qxd_kkk,15,0.7931379178623404,0.580457524738556,0.5853536070304913,0.6477698539320945,2.92018985748291,True,True
sab2_7qxd_kkk:sab2_7qxd_kkk_s05:sab2_7qxd_kkk_s16,sab2_7qxd_kkk,13,0.877216444219943,0.6400765985549363,0.6453610770644126,0.674121874331316,2.272422790527344,True,True
sab2_7qxd_kkk:sab2_7qxd_kkk_s15:sab2_7qxd_kkk_s27,sab2_7qxd_kkk,11,0.9197607334269701,0.6705205264783809,0.7356631121118468,0.6914383551659713,1.7557740211486816,True,True
sab2_7qxd_kkk:sab2_7qxd_kkk_s17:sab2_7qxd_kkk_s02,sab2_7qxd_kkk,10,0.9070355690568708,0.7434964550993973,0.7431022067235269,0.7719067966166556,1.5026378631591797,True,True
sab2_7qxd_kkk:sab2_7qxd_kkk_s20:sab2_7qxd_kkk_s29,sab2_7qxd_kkk,11,0.9057246372430844,0.7182467051592764,0.6442110669038139,0.7891174468484556,1.279438018798828,True,True
sab2_7qxd_kkk:sab2_7qxd_kkk_s22:sab2_7qxd_kkk_s01,sab2_7qxd_kkk,10,0.8822815523221267,0.5902653572620608,0.6413210210638365,0.6320065362963988,1.414586067199707,True,False
sab2_7qxd_kkk:sab2_7qxd_kkk_s25:sab2_7qxd_kkk_s09,sab2_7qxd_kkk,11,1.0,0.6392799051748618,0.6406958134599743,0.6648579483440243,2.566272258758545,True,True
sab2_7qxd_kkk:sab2_7qxd_kkk_s26:sab2_7qxd_kkk_s11,sab2_7qxd_kkk,11,0.8833126106205976,0.7826335491230951,0.7764367623317329,0.8014159331480278,0.9410371780395508,False,True
sab2_7sl5_d:sab2_7sl5_d_s00:sab2_7sl5_d_s16,sab2_7sl5_d,21,0.9896948554089763,0.6428566559986041,0.6679213250693652,0.6438149443385917,1.8141794204711916,True,True
sab2_7sl5_d:sab2_7sl5_d_s07:sab2_7sl5_d_s14,sab2_7sl5_d,22,1.0,0.6081681765597154,0.7165790666479516,0.5843814222862553,2.951748847961426,True,True
sab2_7sl5_d:sab2_7sl5_d_s12:sab2_7sl5_d_s02,sab2_7sl5_d,26,0.9216556099908374,0.6914998297156826,0.6240358978411609,0.7304218751853002,0.8234891891479492,True,True
sab2_7sl5_d:sab2_7sl5_d_s13:sab2_7sl5_d_s19,sab2_7sl5_d,22,0.8090921787776196,0.5509792779963754,0.5625556908050625,0.6470560657448476,0.0,False,True
sab2_7sl5_d:sab2_7sl5_d_s15:sab2_7sl5_d_s29,sab2_7sl5_d,22,1.0,0.6410697968033559,0.6402126834347283,0.586923476029259,0.7628316879272461,True,True
sab2_7sl5_d:sab2_7sl5_d_s25:sab2_7sl5_d_s18,sab2_7sl5_d,21,0.975672750265029,0.6722444777799116,0.7012671659168848,0.6106314184751295,1.6129398345947266,True,True
sab2_7sl5_d:sab2_7sl5_d_s26:sab2_7sl5_d_s11,sab2_7sl5_d,26,0.9527901965353517,0.7306897846394936,0.7177198015911164,0.6923156482910072,2.321815490722656,True,True
sab2_7sl5_d:sab2_7sl5_d_s30:sab2_7sl5_d_s28,sab2_7sl5_d,22,0.9928853938460313,0.675520676721695,0.597008533884609,0.6930174952243396,0.7588748931884766,True,True
sab2_7x7d_b:sab2_7x7d_b_s01:sab2_7x7d_b_s00,sab2_7x7d_b,14,0.9050251878235984,0.7060731868700826,0.7122532598435075,0.7007338440592171,0.4082231521606445,False,True
sab2_7x7d_b:sab2_7x7d_b_s02:sab2_7x7d_b_s31,sab2_7x7d_b,22,1.0,0.6098379781352887,0.5675847840735295,0.6290814613149277,0.956756591796875,True,True
sab2_7x7d_b:sab2_7x7d_b_s13:sab2_7x7d_b_s08,sab2_7x7d_b,11,0.9070243538541086,0.6449918074651759,0.8023181827772711,0.629248587884726,0.3677358627319336,True,True
sab2_7x7d_b:sab2_7x7d_b_s15:sab2_7x7d_b_s03,sab2_7x7d_b,16,0.8935733941196592,0.5940888467874396,0.7667483209472425,0.556130839303301,0.2461233139038086,True,True
sab2_7x7d_b:sab2_7x7d_b_s16:sab2_7x7d_b_s17,sab2_7x7d_b,14,1.0,0.6606170200160939,0.6365603218151068,0.6780022379184681,0.9715442657470704,True,True
sab2_7x7d_b:sab2_7x7d_b_s21:sab2_7x7d_b_s11,sab2_7x7d_b,9,0.8468603686127786,0.7535580466803061,0.7647239396675624,0.7624536343917302,0.1390638351440429,True,True
sab2_7x7d_b:sab2_7x7d_b_s29:sab2_7x7d_b_s05,sab2_7x7d_b,20,1.0,0.5860503071849812,0.6675128492016249,0.5923035194914916,0.6478805541992188,True,True
sab2_7x7d_b:sab2_7x7d_b_s30:sab2_7x7d_b_s07,sab2_7x7d_b,16,0.976146084908631,0.6508502755340534,0.614543079073694,0.6007330356075626,0.6710948944091797,True,True
sab2_8bcz_h:sab2_8bcz_h_s05:sab2_8bcz_h_s31,sab2_8bcz_h,11,0.9287527454369303,0.754468202855218,0.7412649106869476,0.7738330045517039,2.039267539978028,True,True
sab2_8bcz_h:sab2_8bcz_h_s13:sab2_8bcz_h_s15,sab2_8bcz_h,8,1.0,0.7242665579619451,0.6695697422101948,0.8915829879982383,4.066425323486328,True,True
sab2_8bcz_h:sab2_8bcz_h_s14:sab2_8bcz_h_s12,sab2_8bcz_h,9,0.8911213797617256,0.6670074461774531,0.7213196471497522,0.698271333249644,4.2676191329956055,True,True
sab2_8bcz_h:sab2_8bcz_h_s17:sab2_8bcz_h_s20,sab2_8bcz_h,9,0.9349304027397879,0.7004079351953392,0.7477218596558698,0.7120808890373601,1.5621767044067385,True,True
sab2_8bcz_h:sab2_8bcz_h_s22:sab2_8bcz_h_s18,sab2_8bcz_h,9,1.0,0.7182761184015023,0.7025427793004918,0.7737894485317321,5.839481353759766,True,True
sab2_8bcz_h:sab2_8bcz_h_s26:sab2_8bcz_h_s00,sab2_8bcz_h,13,0.9498438646845017,0.7159194888975892,0.6870307240639106,0.6732377563927856,1.029399871826172,False,True
sab2_8bcz_h:sab2_8bcz_h_s28:sab2_8bcz_h_s04,sab2_8bcz_h,11,1.0,0.7992226025013808,0.7554574200226722,0.80678349041603,0.9352445602416992,False,True
sab2_8bcz_h:sab2_8bcz_h_s30:sab2_8bcz_h_s19,sab2_8bcz_h,8,0.8686104356796857,0.7204698898727623,0.7176252970228795,0.6036750652400913,0.9512739181518556,False,True
sab2_8c3k_b:sab2_8c3k_b_s00:sab2_8c3k_b_s06,sab2_8c3k_b,8,0.9544758729528947,0.5973072167204136,0.5471568470306335,0.5928678474593405,2.1344213485717773,True,True
sab2_8c3k_b:sab2_8c3k_b_s05:sab2_8c3k_b_s22,sab2_8c3k_b,5,0.9931479367607128,0.7852528552083967,0.9696740862025988,0.6820883541379131,0.1286878585815429,False,True
sab2_8c3k_b:sab2_8c3k_b_s14:sab2_8c3k_b_s27,sab2_8c3k_b,9,0.8379927830212495,0.5694906235047972,0.5635978955074349,0.570437150651927,1.915492057800293,True,True
sab2_8c3k_b:sab2_8c3k_b_s17:sab2_8c3k_b_s13,sab2_8c3k_b,4,0.907841934866212,0.745725966225691,0.7822432505612963,0.6998087511853223,1.223557472229004,False,True
sab2_8c3k_b:sab2_8c3k_b_s18:sab2_8c3k_b_s07,sab2_8c3k_b,3,0.7090994381559338,0.5093221753174975,0.5019134279726266,0.5167332415410744,1.8070220947265625,True,False
sab2_8c3k_b:sab2_8c3k_b_s19:sab2_8c3k_b_s29,sab2_8c3k_b,5,0.9057725628945061,0.629153873314924,0.5572093445936539,0.7027143239265355,0.5928964614868164,True,False
sab2_8c3k_b:sab2_8c3k_b_s24:sab2_8c3k_b_s15,sab2_8c3k_b,5,0.7977310218909406,0.6097442559308268,0.769855156033654,0.5599670585856973,0.2293214797973632,False,True
sab2_8c3k_b:sab2_8c3k_b_s25:sab2_8c3k_b_s08,sab2_8c3k_b,5,0.9784591299499245,0.8326757968268241,0.9152611149765448,0.7425641181020689,0.0636835098266601,True,True
sab2_8en1_d:sab2_8en1_d_s08:sab2_8en1_d_s00,sab2_8en1_d,16,0.8452108623737445,0.5343750698767579,0.6416172618716772,0.5040163328015447,1.7151117324829102,True,True
sab2_8en1_d:sab2_8en1_d_s11:sab2_8en1_d_s10,sab2_8en1_d,14,0.8897135441656935,0.6130185682321042,0.652825554886072,0.6353900506468972,1.037431716918945,True,True
sab2_8en1_d:sab2_8en1_d_s15:sab2_8en1_d_s07,sab2_8en1_d,17,0.7280132825401925,0.6671493279010626,0.6205215772659634,0.6972697662097868,0.9468040466308594,True,True
sab2_8en1_d:sab2_8en1_d_s21:sab2_8en1_d_s12,sab2_8en1_d,13,0.770565073502559,0.6709600080726571,0.6556330944489035,0.6373428658540128,0.262582778930664,False,True
sab2_8en1_d:sab2_8en1_d_s26:sab2_8en1_d_s03,sab2_8en1_d,9,0.9715429130345915,0.6257469951850929,0.7085436665304115,0.6053198971775193,1.1163053512573242,True,True
sab2_8en1_d:sab2_8en1_d_s29:sab2_8en1_d_s05,sab2_8en1_d,20,0.9350257389209247,0.6673039621271644,0.6054542143612175,0.669403125234919,0.8360595703125,True,True
sab2_8en1_d:sab2_8en1_d_s30:sab2_8en1_d_s27,sab2_8en1_d,13,0.9958844501635093,0.7841666579210936,0.8289171898646296,0.7457163103602161,0.759852409362793,True,True
sab2_8en1_d:sab2_8en1_d_s31:sab2_8en1_d_s23,sab2_8en1_d,16,0.9243337270567579,0.6704438112714227,0.6997327998969035,0.6797530220900447,0.496072769165039,True,True
sab2_8en5_e:sab2_8en5_e_s03:sab2_8en5_e_s02,sab2_8en5_e,23,0.9310569087683218,0.707427987369821,0.6897276454979359,0.6777431265486774,0.3336772918701172,True,True
sab2_8en5_e:sab2_8en5_e_s08:sab2_8en5_e_s04,sab2_8en5_e,19,0.9293249267985942,0.5899474165147561,0.7303475744828657,0.6105108925356628,0.6951446533203125,True,True
sab2_8en5_e:sab2_8en5_e_s10:sab2_8en5_e_s05,sab2_8en5_e,23,0.9089170426312693,0.6032846482487577,0.6910325966862327,0.6051178681811574,0.6986284255981445,True,True
sab2_8en5_e:sab2_8en5_e_s11:sab2_8en5_e_s30,sab2_8en5_e,23,0.7455084241135705,0.5973185754837422,0.5204167643511615,0.5842201550688821,0.3319053649902344,True,True
sab2_8en5_e:sab2_8en5_e_s14:sab2_8en5_e_s25,sab2_8en5_e,20,0.8819370240671897,0.6050211528808466,0.681660130393047,0.6577876032660215,0.4564886093139648,True,True
sab2_8en5_e:sab2_8en5_e_s18:sab2_8en5_e_s27,sab2_8en5_e,21,0.9554247241912457,0.6417815586156781,0.7451049536069264,0.6718237295265606,0.2895545959472656,True,True
sab2_8en5_e:sab2_8en5_e_s20:sab2_8en5_e_s00,sab2_8en5_e,24,0.8850871270727455,0.5588817349759618,0.6228149994532575,0.652983274567886,1.228315353393555,True,True
sab2_8en5_e:sab2_8en5_e_s31:sab2_8en5_e_s15,sab2_8en5_e,23,1.0,0.5777804095837814,0.589465308081707,0.5451542520157183,0.4812765121459961,True,True
sab2_8gb6_h:sab2_8gb6_h_s01:sab2_8gb6_h_s28,sab2_8gb6_h,18,0.9811935495881777,0.7092098218734589,0.6560134238694297,0.7467657170904506,3.7539238929748535,True,True
sab2_8gb6_h:sab2_8gb6_h_s10:sab2_8gb6_h_s05,sab2_8gb6_h,15,0.9980420647810542,0.657698646166443,0.6501509730988811,0.6409873790407774,3.2000073194503784,True,True
sab2_8gb6_h:sab2_8gb6_h_s12:sab2_8gb6_h_s00,sab2_8gb6_h,15,0.9804667463003824,0.6932788452476017,0.7371105669850524,0.6623628674677468,1.6067781448364258,True,True
sab2_8gb6_h:sab2_8gb6_h_s21:sab2_8gb6_h_s07,sab2_8gb6_h,12,0.940666880307127,0.7333878422266205,0.7235173838229608,0.7344696573132391,0.8503236770629883,True,True
sab2_8gb6_h:sab2_8gb6_h_s22:sab2_8gb6_h_s20,sab2_8gb6_h,13,0.8379963223087833,0.6188101867800233,0.5960379743466533,0.6450577857257433,2.3922886848449707,True,True
sab2_8gb6_h:sab2_8gb6_h_s25:sab2_8gb6_h_s02,sab2_8gb6_h,17,0.9929333478334815,0.7106707522438315,0.7078026340626077,0.6899270092655674,4.55073606967926,True,True
sab2_8gb6_h:sab2_8gb6_h_s27:sab2_8gb6_h_s04,sab2_8gb6_h,15,0.9849811221189286,0.6710573475109469,0.6232190976453115,0.6330587421697327,3.447495132684708,True,True
sab2_8gb6_h:sab2_8gb6_h_s30:sab2_8gb6_h_s03,sab2_8gb6_h,18,0.8418515868582114,0.6579257300040317,0.6366701715451899,0.6723625262309536,2.5624003410339355,True,True
sab2_8k33_b:sab2_8k33_b_s03:sab2_8k33_b_s28,sab2_8k33_b,12,0.986875652177588,0.7461864539242955,0.8430373879631777,0.7165339299490181,1.6436982154846191,True,True
sab2_8k33_b:sab2_8k33_b_s04:sab2_8k33_b_s21,sab2_8k33_b,11,0.8566371586465725,0.6236138537069358,0.6419817980196824,0.6922664438333532,0.8237056732177734,False,True
sab2_8k33_b:sab2_8k33_b_s09:sab2_8k33_b_s15,sab2_8k33_b,12,1.0,0.7970594991195713,0.6389246842326071,0.6289370202880176,0.5177822113037109,True,True
sab2_8k33_b:sab2_8k33_b_s13:sab2_8k33_b_s26,sab2_8k33_b,12,0.9012118715477706,0.7279997571656264,0.7370834399916832,0.6997269670805195,1.409379959106445,True,True
sab2_8k33_b:sab2_8k33_b_s14:sab2_8k33_b_s05,sab2_8k33_b,10,0.8694082785343861,0.5824671844292059,0.5077380984712884,0.44507384190489324,2.547893047332764,True,True
sab2_8k33_b:sab2_8k33_b_s17:sab2_8k33_b_s19,sab2_8k33_b,11,0.8574145496159591,0.6587728380892758,0.6829165667839194,0.5924831833800102,1.5705194473266602,True,True
sab2_8k33_b:sab2_8k33_b_s29:sab2_8k33_b_s00,sab2_8k33_b,12,1.0,0.7096391340811974,0.7083734069291846,0.6499602700792558,0.6545543670654297,True,True
sab2_8k33_b:sab2_8k33_b_s30:sab2_8k33_b_s31,sab2_8k33_b,13,1.0,0.6767450847034596,0.5595483978058048,0.5682932457801437,1.831892490386963,True,True
sab2_8pnu_d:sab2_8pnu_d_s10:sab2_8pnu_d_s20,sab2_8pnu_d,14,0.9952480236661807,0.6887334767124251,0.6652649733147691,0.7780923162225382,1.7637367248535156,True,True
sab2_8pnu_d:sab2_8pnu_d_s14:sab2_8pnu_d_s26,sab2_8pnu_d,9,0.9241704381712279,0.6580432363423648,0.6078390914597964,0.725301718232153,1.703238010406494,True,True
sab2_8pnu_d:sab2_8pnu_d_s15:sab2_8pnu_d_s07,sab2_8pnu_d,16,0.780529292783684,0.5119797389964242,0.5328003226028052,0.5732374431030246,4.407362699508667,True,True
sab2_8pnu_d:sab2_8pnu_d_s16:sab2_8pnu_d_s04,sab2_8pnu_d,13,0.9483572883739149,0.8339247762645715,0.7100213211011304,0.7079936648486927,1.7124228477478027,True,True
sab2_8pnu_d:sab2_8pnu_d_s17:sab2_8pnu_d_s13,sab2_8pnu_d,12,0.9760490632771449,0.7044925206261472,0.7000209358903623,0.7527833440982697,2.2633001804351807,True,True
sab2_8pnu_d:sab2_8pnu_d_s22:sab2_8pnu_d_s02,sab2_8pnu_d,13,1.0,0.7217462267195326,0.592580561549875,0.6171388441072806,3.6084389686584473,True,True
sab2_8pnu_d:sab2_8pnu_d_s23:sab2_8pnu_d_s12,sab2_8pnu_d,13,0.8580086158119319,0.6566516779190642,0.648842842355528,0.7219589929188293,0.1700601577758789,True,True
sab2_8pnu_d:sab2_8pnu_d_s29:sab2_8pnu_d_s27,sab2_8pnu_d,14,0.986742246077562,0.76737027132498,0.779760109688717,0.7004190400486626,1.2567172050476074,True,True
sab2_8rz0_f1:sab2_8rz0_f1_s00:sab2_8rz0_f1_s11,sab2_8rz0_f1,20,0.9371429686655262,0.5989030960535373,0.5422450189086901,0.7174430269487934,3.043501377105713,True,True
sab2_8rz0_f1:sab2_8rz0_f1_s03:sab2_8rz0_f1_s10,sab2_8rz0_f1,21,0.8952630448073607,0.7511827749389887,0.7585451361337455,0.7741629511017383,1.041646957397461,True,True
sab2_8rz0_f1:sab2_8rz0_f1_s13:sab2_8rz0_f1_s09,sab2_8rz0_f1,20,1.0,0.5632920280513334,0.5567590531415816,0.6445843053682716,5.924757957458496,True,True
sab2_8rz0_f1:sab2_8rz0_f1_s15:sab2_8rz0_f1_s29,sab2_8rz0_f1,20,0.930852067289498,0.5540574337255555,0.49991424390553474,0.5648326397069492,2.648243546485901,True,True
sab2_8rz0_f1:sab2_8rz0_f1_s19:sab2_8rz0_f1_s20,sab2_8rz0_f1,21,0.8936107712694655,0.6688196940223521,0.6133129217737562,0.7213769778388462,2.3141942620277405,True,True
sab2_8rz0_f1:sab2_8rz0_f1_s24:sab2_8rz0_f1_s17,sab2_8rz0_f1,17,0.985616038571502,0.6701437130985418,0.6691382346879156,0.7527016324809715,1.25235915184021,True,True
sab2_8rz0_f1:sab2_8rz0_f1_s27:sab2_8rz0_f1_s04,sab2_8rz0_f1,19,0.9598213970754458,0.7270749864471574,0.7457004287752389,0.7729085632041367,0.5788335800170898,True,True
sab2_8rz0_f1:sab2_8rz0_f1_s31:sab2_8rz0_f1_s07,sab2_8rz0_f1,18,0.9813177050280832,0.5871722256964564,0.7127918398319533,0.6160691477556618,1.8101649284362795,True,True
sab2_9b6s_h:sab2_9b6s_h_s01:sab2_9b6s_h_s14,sab2_9b6s_h,13,0.9153480892061338,0.6872037544537559,0.5433975675644412,0.7393783145619172,1.516024112701416,True,True
sab2_9b6s_h:sab2_9b6s_h_s02:sab2_9b6s_h_s13,sab2_9b6s_h,15,0.9895915409490932,0.7321213536165507,0.6924104943374658,0.7662134793877898,1.4888267517089844,True,True
sab2_9b6s_h:sab2_9b6s_h_s04:sab2_9b6s_h_s23,sab2_9b6s_h,15,0.8624307172743084,0.6746203989376393,0.6954074929127473,0.6722240563243564,1.745285987854004,True,True
sab2_9b6s_h:sab2_9b6s_h_s07:sab2_9b6s_h_s22,sab2_9b6s_h,14,0.8466409092736141,0.6980340790909022,0.6810948836691264,0.6966845097780026,1.5333938598632812,True,True
sab2_9b6s_h:sab2_9b6s_h_s08:sab2_9b6s_h_s29,sab2_9b6s_h,15,0.9331327358981492,0.6918989280572885,0.723658134329024,0.7318130296765923,2.148070335388184,True,True
sab2_9b6s_h:sab2_9b6s_h_s24:sab2_9b6s_h_s18,sab2_9b6s_h,13,0.9036112325188635,0.6563735369917195,0.7344845950181018,0.6029397710620082,1.3327817916870115,True,True
sab2_9b6s_h:sab2_9b6s_h_s27:sab2_9b6s_h_s17,sab2_9b6s_h,17,1.0,0.6877793584755014,0.6601299053658074,0.7266320760056673,1.1370081901550293,True,True
sab2_9b6s_h:sab2_9b6s_h_s31:sab2_9b6s_h_s15,sab2_9b6s_h,15,0.940151626042521,0.6919000204841791,0.6380209813907991,0.5961640732258222,1.190861701965332,True,True
sab2_9ubr_g:sab2_9ubr_g_s03:sab2_9ubr_g_s19,sab2_9ubr_g,9,0.9468292740580377,0.6550778723617953,0.7620880643167038,0.5653135165940347,0.5404586791992188,True,True
sab2_9ubr_g:sab2_9ubr_g_s05:sab2_9ubr_g_s27,sab2_9ubr_g,6,0.6598577262318348,0.5745932899860675,0.6594231272518927,0.5453023671176129,0.0018768310546875,False,False
sab2_9ubr_g:sab2_9ubr_g_s14:sab2_9ubr_g_s11,sab2_9ubr_g,6,0.7177236571003064,0.6691787540065034,0.5766221179329601,0.6906348311211716,0.0996875762939453,False,True
sab2_9ubr_g:sab2_9ubr_g_s16:sab2_9ubr_g_s28,sab2_9ubr_g,8,0.9874155872967824,0.6587873968004289,0.7051049819884456,0.6708417049739397,0.5874099731445312,True,True
sab2_9ubr_g:sab2_9ubr_g_s23:sab2_9ubr_g_s18,sab2_9ubr_g,6,0.7534127535061025,0.5309483822863386,0.5195306328100587,0.6119663126083943,0.0821418762207031,False,True
sab2_9ubr_g:sab2_9ubr_g_s25:sab2_9ubr_g_s20,sab2_9ubr_g,8,0.719661261900838,0.618433470408547,0.5162507647449674,0.6527158580006638,0.4613208770751953,True,True
sab2_9ubr_g:sab2_9ubr_g_s26:sab2_9ubr_g_s22,sab2_9ubr_g,9,1.0,0.8075853656502245,0.7313920547202761,0.6322899218404519,0.7365760803222656,True,True
sab2_9ubr_g:sab2_9ubr_g_s30:sab2_9ubr_g_s02,sab2_9ubr_g,5,0.9213522456106772,0.6561682941231074,0.7980677979206443,0.7034247611878822,0.3676586151123047,True,False
